01/05/2026 16:12:05 (Std) 	+-+-+-+-+-+-+-+-+-+-+-+-+-+-+-+-+-+-+-+-+-+-+-+-+-+-+-+-+-+-+-+-+-+-+-+-+-+-+-+
01/05/2026 16:12:05 (Std) 	+                     Crazy Eddie's GUI System - Event log                    +
01/05/2026 16:12:05 (Std) 	+                          (http://www.cegui.org.uk/)                         +
01/05/2026 16:12:05 (Std) 	+-+-+-+-+-+-+-+-+-+-+-+-+-+-+-+-+-+-+-+-+-+-+-+-+-+-+-+-+-+-+-+-+-+-+-+-+-+-+-+

01/05/2026 16:12:05 (Std) 	CEGUI::Logger singleton created. (0da24c50)
01/05/2026 16:12:05 (Std) 	
01/05/2026 16:12:05 (Std) 	********************************************************************************
01/05/2026 16:12:05 (Std) 	* Important:                                                                   *
01/05/2026 16:12:05 (Std) 	*     To get support at the CEGUI forums, you must post _at least_ the section *
01/05/2026 16:12:05 (Std) 	*     of this log file indicated below.  Failure to do this will result in no  *
01/05/2026 16:12:05 (Std) 	*     support being given; please do not waste our time.                       *
01/05/2026 16:12:05 (Std) 	********************************************************************************
01/05/2026 16:12:05 (Std) 	********************************************************************************
01/05/2026 16:12:05 (Std) 	* -------- START OF ESSENTIAL SECTION TO BE POSTED ON THE FORUM       -------- *
01/05/2026 16:12:05 (Std) 	********************************************************************************
01/05/2026 16:12:05 (Std) 	---- Version: 0.8.7 (Build: Oct  7 2023 Microsoft Windows g++ 12.2.0 32 bit) ----
01/05/2026 16:12:05 (Std) 	---- Renderer module is: CEGUI::OpenGL3Renderer - Official OpenGL 3.2 core based renderer module.  TextureTarget support enabled via FBO OGL 3.2 core implementation. ----
01/05/2026 16:12:05 (Std) 	---- XML Parser module is: CEGUI::RapidXMLParser - Official RapidXML based parser module for CEGUI ----
01/05/2026 16:12:05 (Std) 	---- Image Codec module is: SILLYImageCodec - Official SILLY based image codec ----
01/05/2026 16:12:05 (Std) 	---- Scripting module is: None ----
01/05/2026 16:12:05 (Std) 	********************************************************************************
01/05/2026 16:12:05 (Std) 	* -------- END OF ESSENTIAL SECTION TO BE POSTED ON THE FORUM         -------- *
01/05/2026 16:12:05 (Std) 	********************************************************************************
01/05/2026 16:12:05 (Std) 	
01/05/2026 16:12:05 (Std) 	---- Begining CEGUI System initialisation ----
01/05/2026 16:12:05 (Std) 	[CEGUI::ImageManager] Singleton created (0d985370)
01/05/2026 16:12:05 (Std) 	[CEGUI::ImageManager] Registered Image type: BasicImage
01/05/2026 16:12:05 (Std) 	CEGUI::FontManager singleton created. (0da35170)
01/05/2026 16:12:05 (Std) 	CEGUI::WindowFactoryManager singleton created
01/05/2026 16:12:05 (Std) 	CEGUI::WindowManager singleton created (0d985400)
01/05/2026 16:12:05 (Std) 	CEGUI::SchemeManager singleton created. (0127ab40)
01/05/2026 16:12:05 (Std) 	CEGUI::GlobalEventSet singleton created. (012ef2b0)
01/05/2026 16:12:05 (Std) 	CEGUI::AnimationManager singleton created (0d982170)
01/05/2026 16:12:05 (Std) 	CEGUI::WidgetLookManager singleton created. (0f8bd540)
01/05/2026 16:12:05 (Std) 	CEGUI::WindowRendererManager singleton created (0f8bd7a0)
01/05/2026 16:12:05 (Std) 	CEGUI::RenderEffectManager singleton created (0d987c58)
01/05/2026 16:12:05 (Std) 	Created WindowFactory for 'DefaultWindow' windows.
01/05/2026 16:12:05 (Std) 	WindowFactory for 'DefaultWindow' windows added. (0d9813e8)
01/05/2026 16:12:05 (Std) 	Created WindowFactory for 'DragContainer' windows.
01/05/2026 16:12:05 (Std) 	WindowFactory for 'DragContainer' windows added. (0d981538)
01/05/2026 16:12:05 (Std) 	Created WindowFactory for 'ScrolledContainer' windows.
01/05/2026 16:12:05 (Std) 	WindowFactory for 'ScrolledContainer' windows added. (0d9808c0)
01/05/2026 16:12:05 (Std) 	Created WindowFactory for 'ClippedContainer' windows.
01/05/2026 16:12:05 (Std) 	WindowFactory for 'ClippedContainer' windows added. (0d980ab8)
01/05/2026 16:12:05 (Std) 	Created WindowFactory for 'CEGUI/PushButton' windows.
01/05/2026 16:12:05 (Std) 	WindowFactory for 'CEGUI/PushButton' windows added. (0d981148)
01/05/2026 16:12:05 (Std) 	Created WindowFactory for 'CEGUI/RadioButton' windows.
01/05/2026 16:12:05 (Std) 	WindowFactory for 'CEGUI/RadioButton' windows added. (0d980f50)
01/05/2026 16:12:05 (Std) 	Created WindowFactory for 'CEGUI/Combobox' windows.
01/05/2026 16:12:05 (Std) 	WindowFactory for 'CEGUI/Combobox' windows added. (0d9811f0)
01/05/2026 16:12:05 (Std) 	Created WindowFactory for 'CEGUI/ComboDropList' windows.
01/05/2026 16:12:05 (Std) 	WindowFactory for 'CEGUI/ComboDropList' windows added. (0d980770)
01/05/2026 16:12:05 (Std) 	Created WindowFactory for 'CEGUI/Editbox' windows.
01/05/2026 16:12:05 (Std) 	WindowFactory for 'CEGUI/Editbox' windows added. (0d980cb0)
01/05/2026 16:12:05 (Std) 	Created WindowFactory for 'CEGUI/FrameWindow' windows.
01/05/2026 16:12:05 (Std) 	WindowFactory for 'CEGUI/FrameWindow' windows added. (0d980968)
01/05/2026 16:12:05 (Std) 	Created WindowFactory for 'CEGUI/ItemEntry' windows.
01/05/2026 16:12:05 (Std) 	WindowFactory for 'CEGUI/ItemEntry' windows added. (0d980b60)
01/05/2026 16:12:05 (Std) 	Created WindowFactory for 'CEGUI/Listbox' windows.
01/05/2026 16:12:05 (Std) 	WindowFactory for 'CEGUI/Listbox' windows added. (0d980d58)
01/05/2026 16:12:05 (Std) 	Created WindowFactory for 'CEGUI/ListHeader' windows.
01/05/2026 16:12:05 (Std) 	WindowFactory for 'CEGUI/ListHeader' windows added. (0d980e00)
01/05/2026 16:12:05 (Std) 	Created WindowFactory for 'CEGUI/ListHeaderSegment' windows.
01/05/2026 16:12:05 (Std) 	WindowFactory for 'CEGUI/ListHeaderSegment' windows added. (0d981298)
01/05/2026 16:12:05 (Std) 	Created WindowFactory for 'CEGUI/Menubar' windows.
01/05/2026 16:12:05 (Std) 	WindowFactory for 'CEGUI/Menubar' windows added. (0d980ff8)
01/05/2026 16:12:05 (Std) 	Created WindowFactory for 'CEGUI/PopupMenu' windows.
01/05/2026 16:12:05 (Std) 	WindowFactory for 'CEGUI/PopupMenu' windows added. (0d981688)
01/05/2026 16:12:05 (Std) 	Created WindowFactory for 'CEGUI/MenuItem' windows.
01/05/2026 16:12:05 (Std) 	WindowFactory for 'CEGUI/MenuItem' windows added. (0d981490)
01/05/2026 16:12:05 (Std) 	Created WindowFactory for 'CEGUI/MultiColumnList' windows.
01/05/2026 16:12:05 (Std) 	WindowFactory for 'CEGUI/MultiColumnList' windows added. (0d9810a0)
01/05/2026 16:12:05 (Std) 	Created WindowFactory for 'CEGUI/MultiLineEditbox' windows.
01/05/2026 16:12:05 (Std) 	WindowFactory for 'CEGUI/MultiLineEditbox' windows added. (0d9815e0)
01/05/2026 16:12:05 (Std) 	Created WindowFactory for 'CEGUI/ProgressBar' windows.
01/05/2026 16:12:05 (Std) 	WindowFactory for 'CEGUI/ProgressBar' windows added. (0d980818)
01/05/2026 16:12:05 (Std) 	Created WindowFactory for 'CEGUI/ScrollablePane' windows.
01/05/2026 16:12:05 (Std) 	WindowFactory for 'CEGUI/ScrollablePane' windows added. (012b0428)
01/05/2026 16:12:05 (Std) 	Created WindowFactory for 'CEGUI/Scrollbar' windows.
01/05/2026 16:12:05 (Std) 	WindowFactory for 'CEGUI/Scrollbar' windows added. (012b0968)
01/05/2026 16:12:05 (Std) 	Created WindowFactory for 'CEGUI/Slider' windows.
01/05/2026 16:12:05 (Std) 	WindowFactory for 'CEGUI/Slider' windows added. (012b0770)
01/05/2026 16:12:05 (Std) 	Created WindowFactory for 'CEGUI/Spinner' windows.
01/05/2026 16:12:05 (Std) 	WindowFactory for 'CEGUI/Spinner' windows added. (012b0ff8)
01/05/2026 16:12:05 (Std) 	Created WindowFactory for 'CEGUI/TabButton' windows.
01/05/2026 16:12:05 (Std) 	WindowFactory for 'CEGUI/TabButton' windows added. (012b08c0)
01/05/2026 16:12:05 (Std) 	Created WindowFactory for 'CEGUI/TabControl' windows.
01/05/2026 16:12:05 (Std) 	WindowFactory for 'CEGUI/TabControl' windows added. (012b1730)
01/05/2026 16:12:05 (Std) 	Created WindowFactory for 'CEGUI/Thumb' windows.
01/05/2026 16:12:05 (Std) 	WindowFactory for 'CEGUI/Thumb' windows added. (012b0620)
01/05/2026 16:12:05 (Std) 	Created WindowFactory for 'CEGUI/Titlebar' windows.
01/05/2026 16:12:05 (Std) 	WindowFactory for 'CEGUI/Titlebar' windows added. (012b1298)
01/05/2026 16:12:05 (Std) 	Created WindowFactory for 'CEGUI/ToggleButton' windows.
01/05/2026 16:12:05 (Std) 	WindowFactory for 'CEGUI/ToggleButton' windows added. (012b0578)
01/05/2026 16:12:05 (Std) 	Created WindowFactory for 'CEGUI/Tooltip' windows.
01/05/2026 16:12:05 (Std) 	WindowFactory for 'CEGUI/Tooltip' windows added. (012b1538)
01/05/2026 16:12:05 (Std) 	Created WindowFactory for 'CEGUI/ItemListbox' windows.
01/05/2026 16:12:05 (Std) 	WindowFactory for 'CEGUI/ItemListbox' windows added. (012b0cb0)
01/05/2026 16:12:05 (Std) 	Created WindowFactory for 'CEGUI/GroupBox' windows.
01/05/2026 16:12:05 (Std) 	WindowFactory for 'CEGUI/GroupBox' windows added. (012b0818)
01/05/2026 16:12:05 (Std) 	Created WindowFactory for 'CEGUI/Tree' windows.
01/05/2026 16:12:05 (Std) 	WindowFactory for 'CEGUI/Tree' windows added. (012b06c8)
01/05/2026 16:12:05 (Std) 	Created WindowFactory for 'LayoutCell' windows.
01/05/2026 16:12:05 (Std) 	WindowFactory for 'LayoutCell' windows added. (012b1490)
01/05/2026 16:12:05 (Std) 	Created WindowFactory for 'HorizontalLayoutContainer' windows.
01/05/2026 16:12:05 (Std) 	WindowFactory for 'HorizontalLayoutContainer' windows added. (012b17d8)
01/05/2026 16:12:05 (Std) 	Created WindowFactory for 'VerticalLayoutContainer' windows.
01/05/2026 16:12:05 (Std) 	WindowFactory for 'VerticalLayoutContainer' windows added. (012b15e0)
01/05/2026 16:12:05 (Std) 	Created WindowFactory for 'GridLayoutContainer' windows.
01/05/2026 16:12:05 (Std) 	WindowFactory for 'GridLayoutContainer' windows added. (012b0d58)
01/05/2026 16:12:05 (Std) 	CEGUI::System singleton created. (0da39cc8)
01/05/2026 16:12:05 (Std) 	---- CEGUI System initialisation completed ----
01/05/2026 16:12:05 (Std) 	
01/05/2026 16:12:05 (Std) 	Started creation of Scheme from XML specification:
01/05/2026 16:12:05 (Std) 	---- CEGUI GUIScheme name: TaharezLook
01/05/2026 16:12:05 (Std) 	[ImageManager] Started creation of Imageset from XML specification:
01/05/2026 16:12:05 (Std) 	[ImageManager] ---- CEGUI Imageset name: TaharezLook
01/05/2026 16:12:05 (Std) 	[ImageManager] ---- Source texture file: TaharezLook.png
01/05/2026 16:12:05 (Std) 	[ImageManager] ---- Source texture resource group: (Default)
01/05/2026 16:12:05 (Std) 	[OpenGLRenderer] Created texture: TaharezLook
01/05/2026 16:12:05 (Std) 	[ImageManager] Created image: 'TaharezLook/ClientBrush' (012b3290) of type: BasicImage
01/05/2026 16:12:05 (Std) 	[ImageManager] Created image: 'TaharezLook/GenericBrush' (01278308) of type: BasicImage
01/05/2026 16:12:05 (Std) 	[ImageManager] Created image: 'TaharezLook/WindowLeftEdge' (012b7248) of type: BasicImage
01/05/2026 16:12:05 (Std) 	[ImageManager] Created image: 'TaharezLook/WindowRightEdge' (012b7ad0) of type: BasicImage
01/05/2026 16:12:05 (Std) 	[ImageManager] Created image: 'TaharezLook/WindowTopEdge' (012b7bc0) of type: BasicImage
01/05/2026 16:12:05 (Std) 	[ImageManager] Created image: 'TaharezLook/WindowBottomEdge' (012b8d68) of type: BasicImage
01/05/2026 16:12:05 (Std) 	[ImageManager] Created image: 'TaharezLook/WindowTopLeft' (012b8e58) of type: BasicImage
01/05/2026 16:12:05 (Std) 	[ImageManager] Created image: 'TaharezLook/WindowTopRight' (012b8f48) of type: BasicImage
01/05/2026 16:12:05 (Std) 	[ImageManager] Created image: 'TaharezLook/WindowBottomLeft' (012b9038) of type: BasicImage
01/05/2026 16:12:05 (Std) 	[ImageManager] Created image: 'TaharezLook/WindowBottomRight' (012b9128) of type: BasicImage
01/05/2026 16:12:05 (Std) 	[ImageManager] Created image: 'TaharezLook/ButtonLeftNormal' (012b9218) of type: BasicImage
01/05/2026 16:12:05 (Std) 	[ImageManager] Created image: 'TaharezLook/ButtonMiddleNormal' (012ba358) of type: BasicImage
01/05/2026 16:12:05 (Std) 	[ImageManager] Created image: 'TaharezLook/ButtonRightNormal' (012ba448) of type: BasicImage
01/05/2026 16:12:05 (Std) 	[ImageManager] Created image: 'TaharezLook/ButtonLeftPushed' (012ba538) of type: BasicImage
01/05/2026 16:12:05 (Std) 	[ImageManager] Created image: 'TaharezLook/ButtonMiddlePushed' (012ba628) of type: BasicImage
01/05/2026 16:12:05 (Std) 	[ImageManager] Created image: 'TaharezLook/ButtonRightPushed' (012ba718) of type: BasicImage
01/05/2026 16:12:05 (Std) 	[ImageManager] Created image: 'TaharezLook/ButtonLeftHighlight' (012bdc08) of type: BasicImage
01/05/2026 16:12:05 (Std) 	[ImageManager] Created image: 'TaharezLook/ButtonMiddleHighlight' (012be1a8) of type: BasicImage
01/05/2026 16:12:05 (Std) 	[ImageManager] Created image: 'TaharezLook/ButtonRightHighlight' (012bd578) of type: BasicImage
01/05/2026 16:12:05 (Std) 	[ImageManager] Created image: 'TaharezLook/CheckboxNormal' (012bd668) of type: BasicImage
01/05/2026 16:12:05 (Std) 	[ImageManager] Created image: 'TaharezLook/CheckboxHover' (012be298) of type: BasicImage
01/05/2026 16:12:05 (Std) 	[ImageManager] Created image: 'TaharezLook/CheckboxMark' (012bdb18) of type: BasicImage
01/05/2026 16:12:05 (Std) 	[ImageManager] Created image: 'TaharezLook/RadioButtonNormal' (012bd488) of type: BasicImage
01/05/2026 16:12:05 (Std) 	[ImageManager] Created image: 'TaharezLook/RadioButtonHover' (012bd758) of type: BasicImage
01/05/2026 16:12:05 (Std) 	[ImageManager] Created image: 'TaharezLook/RadioButtonMark' (012bd848) of type: BasicImage
01/05/2026 16:12:05 (Std) 	[ImageManager] Created image: 'TaharezLook/TitlebarLeft' (012bd938) of type: BasicImage
01/05/2026 16:12:05 (Std) 	[ImageManager] Created image: 'TaharezLook/TitlebarMiddle' (012bda28) of type: BasicImage
01/05/2026 16:12:05 (Std) 	[ImageManager] Created image: 'TaharezLook/TitlebarRight' (012bdcf8) of type: BasicImage
01/05/2026 16:12:05 (Std) 	[ImageManager] Created image: 'TaharezLook/NewTitlebarLeft' (012bdde8) of type: BasicImage
01/05/2026 16:12:05 (Std) 	[ImageManager] Created image: 'TaharezLook/NewTitlebarMiddle' (012be0b8) of type: BasicImage
01/05/2026 16:12:05 (Std) 	[ImageManager] Created image: 'TaharezLook/NewTitlebarRight' (012bded8) of type: BasicImage
01/05/2026 16:12:05 (Std) 	[ImageManager] Created image: 'TaharezLook/SysAreaMiddle' (012bdfc8) of type: BasicImage
01/05/2026 16:12:05 (Std) 	[ImageManager] Created image: 'TaharezLook/SysAreaRight' (012b9468) of type: BasicImage
01/05/2026 16:12:05 (Std) 	[ImageManager] Created image: 'TaharezLook/StaticLeft' (012b9eb8) of type: BasicImage
01/05/2026 16:12:05 (Std) 	[ImageManager] Created image: 'TaharezLook/StaticRight' (012b9af8) of type: BasicImage
01/05/2026 16:12:05 (Std) 	[ImageManager] Created image: 'TaharezLook/StaticTop' (012b9648) of type: BasicImage
01/05/2026 16:12:05 (Std) 	[ImageManager] Created image: 'TaharezLook/StaticBottom' (012b9558) of type: BasicImage
01/05/2026 16:12:05 (Std) 	[ImageManager] Created image: 'TaharezLook/StaticTopLeft' (012b9cd8) of type: BasicImage
01/05/2026 16:12:05 (Std) 	[ImageManager] Created image: 'TaharezLook/StaticTopRight' (012ba098) of type: BasicImage
01/05/2026 16:12:05 (Std) 	[ImageManager] Created image: 'TaharezLook/StaticBottomLeft' (012b9a08) of type: BasicImage
01/05/2026 16:12:05 (Std) 	[ImageManager] Created image: 'TaharezLook/StaticBottomRight' (012b9738) of type: BasicImage
01/05/2026 16:12:05 (Std) 	[ImageManager] Created image: 'TaharezLook/StaticBackdrop' (012b9918) of type: BasicImage
01/05/2026 16:12:05 (Std) 	[ImageManager] Created image: 'TaharezLook/StaticBackdropTrans' (012b9828) of type: BasicImage
01/05/2026 16:12:05 (Std) 	[ImageManager] Created image: 'TaharezLook/StaticLeftTrans' (012b9be8) of type: BasicImage
01/05/2026 16:12:05 (Std) 	[ImageManager] Created image: 'TaharezLook/StaticRightTrans' (012b9dc8) of type: BasicImage
01/05/2026 16:12:05 (Std) 	[ImageManager] Created image: 'TaharezLook/StaticTopTrans' (012b9fa8) of type: BasicImage
01/05/2026 16:12:05 (Std) 	[ImageManager] Created image: 'TaharezLook/StaticBottomTrans' (012ba188) of type: BasicImage
01/05/2026 16:12:05 (Std) 	[ImageManager] Created image: 'TaharezLook/StaticTopLeftTrans' (012b9378) of type: BasicImage
01/05/2026 16:12:05 (Std) 	[ImageManager] Created image: 'TaharezLook/StaticTopRightTrans' (0f9ee198) of type: BasicImage
01/05/2026 16:12:05 (Std) 	[ImageManager] Created image: 'TaharezLook/StaticBottomLeftTrans' (0f9ef098) of type: BasicImage
01/05/2026 16:12:05 (Std) 	[ImageManager] Created image: 'TaharezLook/StaticBottomRightTrans' (0f9ef188) of type: BasicImage
01/05/2026 16:12:05 (Std) 	[ImageManager] Created image: 'TaharezLook/ProgressBarLeft' (0f9ed658) of type: BasicImage
01/05/2026 16:12:05 (Std) 	[ImageManager] Created image: 'TaharezLook/ProgressBarMiddle' (0f9eeaf8) of type: BasicImage
01/05/2026 16:12:05 (Std) 	[ImageManager] Created image: 'TaharezLook/ProgressBarRight' (0f9ee648) of type: BasicImage
01/05/2026 16:12:05 (Std) 	[ImageManager] Created image: 'TaharezLook/ProgressBarDimSegment' (0f9ef278) of type: BasicImage
01/05/2026 16:12:05 (Std) 	[ImageManager] Created image: 'TaharezLook/ProgressBarLitSegment' (0f9edce8) of type: BasicImage
01/05/2026 16:12:05 (Std) 	[ImageManager] Created image: 'TaharezLook/EditBoxLeft' (0f9eebe8) of type: BasicImage
01/05/2026 16:12:05 (Std) 	[ImageManager] Created image: 'TaharezLook/EditBoxMiddle' (0f9ee288) of type: BasicImage
01/05/2026 16:12:05 (Std) 	[ImageManager] Created image: 'TaharezLook/EditBoxRight' (0f9ee378) of type: BasicImage
01/05/2026 16:12:05 (Std) 	[ImageManager] Created image: 'TaharezLook/EditBoxCaret' (0f9ee738) of type: BasicImage
01/05/2026 16:12:05 (Std) 	[ImageManager] Created image: 'TaharezLook/SpinnerUpNormal' (0f9ee558) of type: BasicImage
01/05/2026 16:12:05 (Std) 	[ImageManager] Created image: 'TaharezLook/SpinnerDownNormal' (0f9ed568) of type: BasicImage
01/05/2026 16:12:05 (Std) 	[ImageManager] Created image: 'TaharezLook/SpinnerUpHover' (0f9ed748) of type: BasicImage
01/05/2026 16:12:05 (Std) 	[ImageManager] Created image: 'TaharezLook/SpinnerDownHover' (0f9eedc8) of type: BasicImage
01/05/2026 16:12:05 (Std) 	[ImageManager] Created image: 'TaharezLook/TextSelectionBrush' (0f9edfb8) of type: BasicImage
01/05/2026 16:12:05 (Std) 	[ImageManager] Created image: 'TaharezLook/VertScrollTop' (0f9eecd8) of type: BasicImage
01/05/2026 16:12:05 (Std) 	[ImageManager] Created image: 'TaharezLook/VertScrollMiddle' (0f9ed838) of type: BasicImage
01/05/2026 16:12:05 (Std) 	[ImageManager] Created image: 'TaharezLook/VertScrollBottom' (0f9ee918) of type: BasicImage
01/05/2026 16:12:05 (Std) 	[ImageManager] Created image: 'TaharezLook/VertScrollBarSegment' (0f9ee828) of type: BasicImage
01/05/2026 16:12:05 (Std) 	[ImageManager] Created image: 'TaharezLook/VertScrollThumbNormal' (0f9eea08) of type: BasicImage
01/05/2026 16:12:05 (Std) 	[ImageManager] Created image: 'TaharezLook/VertScrollThumbHover' (0f9edbf8) of type: BasicImage
01/05/2026 16:12:05 (Std) 	[ImageManager] Created image: 'TaharezLook/VertScrollUpNormal' (0f9ed928) of type: BasicImage
01/05/2026 16:12:05 (Std) 	[ImageManager] Created image: 'TaharezLook/VertScrollDownNormal' (0f9eefa8) of type: BasicImage
01/05/2026 16:12:05 (Std) 	[ImageManager] Created image: 'TaharezLook/VertScrollUpHover' (0f9eeeb8) of type: BasicImage
01/05/2026 16:12:05 (Std) 	[ImageManager] Created image: 'TaharezLook/VertScrollDownHover' (0f9eda18) of type: BasicImage
01/05/2026 16:12:05 (Std) 	[ImageManager] Created image: 'TaharezLook/MiniVertScrollBarSegment' (0f9eddd8) of type: BasicImage
01/05/2026 16:12:05 (Std) 	[ImageManager] Created image: 'TaharezLook/MiniVertScrollThumbNormal' (0f9edb08) of type: BasicImage
01/05/2026 16:12:05 (Std) 	[ImageManager] Created image: 'TaharezLook/MiniVertScrollThumbTopNormal' (0f9edec8) of type: BasicImage
01/05/2026 16:12:05 (Std) 	[ImageManager] Created image: 'TaharezLook/MiniVertScrollThumbMiddleNormal' (0f9ee0a8) of type: BasicImage
01/05/2026 16:12:05 (Std) 	[ImageManager] Created image: 'TaharezLook/MiniVertScrollThumbBottomNormal' (0f9ee468) of type: BasicImage
01/05/2026 16:12:05 (Std) 	[ImageManager] Created image: 'TaharezLook/MiniVertScrollThumbTopHover' (0f9ef368) of type: BasicImage
01/05/2026 16:12:05 (Std) 	[ImageManager] Created image: 'TaharezLook/MiniVertScrollThumbMiddleHover' (0f9f32a0) of type: BasicImage
01/05/2026 16:12:05 (Std) 	[ImageManager] Created image: 'TaharezLook/MiniVertScrollThumbBottomHover' (0f9f3390) of type: BasicImage
01/05/2026 16:12:05 (Std) 	[ImageManager] Created image: 'TaharezLook/MiniVertScrollThumbHover' (0f9f2940) of type: BasicImage
01/05/2026 16:12:05 (Std) 	[ImageManager] Created image: 'TaharezLook/MiniVertScrollUpNormal' (0f9f3480) of type: BasicImage
01/05/2026 16:12:05 (Std) 	[ImageManager] Created image: 'TaharezLook/MiniVertScrollDownNormal' (0f9f3840) of type: BasicImage
01/05/2026 16:12:05 (Std) 	[ImageManager] Created image: 'TaharezLook/MiniVertScrollUpHover' (0f9f3930) of type: BasicImage
01/05/2026 16:12:05 (Std) 	[ImageManager] Created image: 'TaharezLook/MiniVertScrollDownHover' (0f9f31b0) of type: BasicImage
01/05/2026 16:12:05 (Std) 	[ImageManager] Created image: 'TaharezLook/VertSliderBody' (0f9f2b20) of type: BasicImage
01/05/2026 16:12:05 (Std) 	[ImageManager] Created image: 'TaharezLook/VertSliderThumbNormal' (0f9f40b0) of type: BasicImage
01/05/2026 16:12:05 (Std) 	[ImageManager] Created image: 'TaharezLook/VertSliderThumbHover' (0f9f3660) of type: BasicImage
01/05/2026 16:12:05 (Std) 	[ImageManager] Created image: 'TaharezLook/MiniHorzScrollBarSegment' (0f9f3570) of type: BasicImage
01/05/2026 16:12:05 (Std) 	[ImageManager] Created image: 'TaharezLook/MiniHorzScrollThumbNormal' (0f9f2760) of type: BasicImage
01/05/2026 16:12:05 (Std) 	[ImageManager] Created image: 'TaharezLook/MiniHorzScrollThumbLeftNormal' (0f9f3fc0) of type: BasicImage
01/05/2026 16:12:05 (Std) 	[ImageManager] Created image: 'TaharezLook/MiniHorzScrollThumbMiddleNormal' (0f9f41a0) of type: BasicImage
01/05/2026 16:12:05 (Std) 	[ImageManager] Created image: 'TaharezLook/MiniHorzScrollThumbRightNormal' (0f9f3750) of type: BasicImage
01/05/2026 16:12:05 (Std) 	[ImageManager] Created image: 'TaharezLook/MiniHorzScrollThumbHover' (0f9f2850) of type: BasicImage
01/05/2026 16:12:05 (Std) 	[ImageManager] Created image: 'TaharezLook/MiniHorzScrollThumbLeftHover' (0f9f2c10) of type: BasicImage
01/05/2026 16:12:05 (Std) 	[ImageManager] Created image: 'TaharezLook/MiniHorzScrollThumbMiddleHover' (0f9f2d00) of type: BasicImage
01/05/2026 16:12:05 (Std) 	[ImageManager] Created image: 'TaharezLook/MiniHorzScrollThumbRightHover' (0f9f4290) of type: BasicImage
01/05/2026 16:12:05 (Std) 	[ImageManager] Created image: 'TaharezLook/MiniHorzScrollLeftNormal' (0f9f2a30) of type: BasicImage
01/05/2026 16:12:05 (Std) 	[ImageManager] Created image: 'TaharezLook/MiniHorzScrollRightNormal' (0f9f3a20) of type: BasicImage
01/05/2026 16:12:05 (Std) 	[ImageManager] Created image: 'TaharezLook/MiniHorzScrollLeftHover' (0f9f2580) of type: BasicImage
01/05/2026 16:12:05 (Std) 	[ImageManager] Created image: 'TaharezLook/MiniHorzScrollRightHover' (0f9f2670) of type: BasicImage
01/05/2026 16:12:05 (Std) 	[ImageManager] Created image: 'TaharezLook/ListboxLeft' (0f9f3b10) of type: BasicImage
01/05/2026 16:12:05 (Std) 	[ImageManager] Created image: 'TaharezLook/ListboxRight' (0f9f3c00) of type: BasicImage
01/05/2026 16:12:05 (Std) 	[ImageManager] Created image: 'TaharezLook/ListboxTop' (0f9f3cf0) of type: BasicImage
01/05/2026 16:12:05 (Std) 	[ImageManager] Created image: 'TaharezLook/ListboxBottom' (0f9f3de0) of type: BasicImage
01/05/2026 16:12:05 (Std) 	[ImageManager] Created image: 'TaharezLook/ListboxTopLeft' (0f9f3ed0) of type: BasicImage
01/05/2026 16:12:05 (Std) 	[ImageManager] Created image: 'TaharezLook/ListboxTopRight' (0f9f2df0) of type: BasicImage
01/05/2026 16:12:05 (Std) 	[ImageManager] Created image: 'TaharezLook/ListboxBottomLeft' (0f9f2ee0) of type: BasicImage
01/05/2026 16:12:05 (Std) 	[ImageManager] Created image: 'TaharezLook/ListboxBottomRight' (0f9f2fd0) of type: BasicImage
01/05/2026 16:12:05 (Std) 	[ImageManager] Created image: 'TaharezLook/ListboxBackdrop' (0f9f30c0) of type: BasicImage
01/05/2026 16:12:05 (Std) 	[ImageManager] Created image: 'TaharezLook/ListboxSelectionBrush' (0f9f4380) of type: BasicImage
01/05/2026 16:12:05 (Std) 	[ImageManager] Created image: 'TaharezLook/ComboboxEditLeft' (147b66b0) of type: BasicImage
01/05/2026 16:12:05 (Std) 	[ImageManager] Created image: 'TaharezLook/ComboboxEditMiddle' (147b6200) of type: BasicImage
01/05/2026 16:12:05 (Std) 	[ImageManager] Created image: 'TaharezLook/ComboboxListButtonNormal' (147b72e0) of type: BasicImage
01/05/2026 16:12:05 (Std) 	[ImageManager] Created image: 'TaharezLook/ComboboxListButtonHover' (147b6d40) of type: BasicImage
01/05/2026 16:12:05 (Std) 	[ImageManager] Created image: 'TaharezLook/ComboboxListLeft' (147b75b0) of type: BasicImage
01/05/2026 16:12:05 (Std) 	[ImageManager] Created image: 'TaharezLook/ComboboxListRight' (147b7010) of type: BasicImage
01/05/2026 16:12:05 (Std) 	[ImageManager] Created image: 'TaharezLook/ComboboxListTop' (147b7b50) of type: BasicImage
01/05/2026 16:12:05 (Std) 	[ImageManager] Created image: 'TaharezLook/ComboboxListBottom' (147b6a70) of type: BasicImage
01/05/2026 16:12:05 (Std) 	[ImageManager] Created image: 'TaharezLook/ComboboxListTopLeft' (147b65c0) of type: BasicImage
01/05/2026 16:12:05 (Std) 	[ImageManager] Created image: 'TaharezLook/ComboboxListTopRight' (147b6e30) of type: BasicImage
01/05/2026 16:12:05 (Std) 	[ImageManager] Created image: 'TaharezLook/ComboboxListBottomLeft' (147b67a0) of type: BasicImage
01/05/2026 16:12:05 (Std) 	[ImageManager] Created image: 'TaharezLook/ComboboxListBottomRight' (147b6f20) of type: BasicImage
01/05/2026 16:12:05 (Std) 	[ImageManager] Created image: 'TaharezLook/ComboboxListBackdrop' (147b6890) of type: BasicImage
01/05/2026 16:12:05 (Std) 	[ImageManager] Created image: 'TaharezLook/ComboboxSelectionBrush' (147b6020) of type: BasicImage
01/05/2026 16:12:05 (Std) 	[ImageManager] Created image: 'TaharezLook/ComboboxDividerLeft' (147b5e40) of type: BasicImage
01/05/2026 16:12:05 (Std) 	[ImageManager] Created image: 'TaharezLook/ComboboxDividerMiddle' (147b63e0) of type: BasicImage
01/05/2026 16:12:05 (Std) 	[ImageManager] Created image: 'TaharezLook/ComboboxDividerRight' (147b7790) of type: BasicImage
01/05/2026 16:12:05 (Std) 	[ImageManager] Created image: 'TaharezLook/HeaderBarBackdropNormal' (147b6b60) of type: BasicImage
01/05/2026 16:12:05 (Std) 	[ImageManager] Created image: 'TaharezLook/HeaderBarBackdropHover' (147b6980) of type: BasicImage
01/05/2026 16:12:05 (Std) 	[ImageManager] Created image: 'TaharezLook/HeaderBarSplitterNormal' (147b6c50) of type: BasicImage
01/05/2026 16:12:05 (Std) 	[ImageManager] Created image: 'TaharezLook/HeaderBarSplitterHover' (147b7100) of type: BasicImage
01/05/2026 16:12:05 (Std) 	[ImageManager] Created image: 'TaharezLook/HeaderBarSortUp' (147b71f0) of type: BasicImage
01/05/2026 16:12:05 (Std) 	[ImageManager] Created image: 'TaharezLook/HeaderBarSortDown' (147b73d0) of type: BasicImage
01/05/2026 16:12:05 (Std) 	[ImageManager] Created image: 'TaharezLook/MultiListLeft' (147b62f0) of type: BasicImage
01/05/2026 16:12:05 (Std) 	[ImageManager] Created image: 'TaharezLook/MultiListRight' (147b74c0) of type: BasicImage
01/05/2026 16:12:05 (Std) 	[ImageManager] Created image: 'TaharezLook/MultiListTop' (147b64d0) of type: BasicImage
01/05/2026 16:12:05 (Std) 	[ImageManager] Created image: 'TaharezLook/MultiListBottom' (147b6110) of type: BasicImage
01/05/2026 16:12:05 (Std) 	[ImageManager] Created image: 'TaharezLook/MultiListTopLeft' (147b76a0) of type: BasicImage
01/05/2026 16:12:05 (Std) 	[ImageManager] Created image: 'TaharezLook/MultiListTopRight' (147b7880) of type: BasicImage
01/05/2026 16:12:05 (Std) 	[ImageManager] Created image: 'TaharezLook/MultiListBottomLeft' (147b7970) of type: BasicImage
01/05/2026 16:12:05 (Std) 	[ImageManager] Created image: 'TaharezLook/MultiListBottomRight' (147b7a60) of type: BasicImage
01/05/2026 16:12:05 (Std) 	[ImageManager] Created image: 'TaharezLook/MultiListBackdrop' (147b5f30) of type: BasicImage
01/05/2026 16:12:05 (Std) 	[ImageManager] Created image: 'TaharezLook/MultiListSelectionBrush' (147b7c40) of type: BasicImage
01/05/2026 16:12:05 (Std) 	[ImageManager] Created image: 'TaharezLook/AltProgressLeft' (147bd9a0) of type: BasicImage
01/05/2026 16:12:05 (Std) 	[ImageManager] Created image: 'TaharezLook/AltProgressMiddle' (147be990) of type: BasicImage
01/05/2026 16:12:05 (Std) 	[ImageManager] Created image: 'TaharezLook/AltProgressRight' (147be6c0) of type: BasicImage
01/05/2026 16:12:05 (Std) 	[ImageManager] Created image: 'TaharezLook/AltProgressQuarter' (147bdf40) of type: BasicImage
01/05/2026 16:12:05 (Std) 	[ImageManager] Created image: 'TaharezLook/AltProgressHalf' (147be5d0) of type: BasicImage
01/05/2026 16:12:05 (Std) 	[ImageManager] Created image: 'TaharezLook/AltProgressLight1' (147bea80) of type: BasicImage
01/05/2026 16:12:05 (Std) 	[ImageManager] Created image: 'TaharezLook/AltProgressLight2' (147bd4f0) of type: BasicImage
01/05/2026 16:12:05 (Std) 	[ImageManager] Created image: 'TaharezLook/AltProgressLight3' (147be3f0) of type: BasicImage
01/05/2026 16:12:05 (Std) 	[ImageManager] Created image: 'TaharezLook/AltProgressLight4' (147bd7c0) of type: BasicImage
01/05/2026 16:12:05 (Std) 	[ImageManager] Created image: 'TaharezLook/AltProgressLight5' (147be8a0) of type: BasicImage
01/05/2026 16:12:05 (Std) 	[ImageManager] Created image: 'TaharezLook/AltProgressLight6' (147bda90) of type: BasicImage
01/05/2026 16:12:05 (Std) 	[ImageManager] Created image: 'TaharezLook/AltProgressLight7' (147bd040) of type: BasicImage
01/05/2026 16:12:05 (Std) 	[ImageManager] Created image: 'TaharezLook/AltProgressLight8' (147beb70) of type: BasicImage
01/05/2026 16:12:05 (Std) 	[ImageManager] Created image: 'TaharezLook/AltProgressLight9' (147bce60) of type: BasicImage
01/05/2026 16:12:05 (Std) 	[ImageManager] Created image: 'TaharezLook/AltProgressLight10' (147bcf50) of type: BasicImage
01/05/2026 16:12:05 (Std) 	[ImageManager] Created image: 'TaharezLook/CloseButtonNormal' (147bd130) of type: BasicImage
01/05/2026 16:12:05 (Std) 	[ImageManager] Created image: 'TaharezLook/CloseButtonHover' (147bd220) of type: BasicImage
01/05/2026 16:12:05 (Std) 	[ImageManager] Created image: 'TaharezLook/CloseButtonPressed' (147bd310) of type: BasicImage
01/05/2026 16:12:05 (Std) 	[ImageManager] Created image: 'TaharezLook/NewCloseButtonNormal' (147bdb80) of type: BasicImage
01/05/2026 16:12:05 (Std) 	[ImageManager] Created image: 'TaharezLook/NewCloseButtonHover' (147bd400) of type: BasicImage
01/05/2026 16:12:05 (Std) 	[ImageManager] Created image: 'TaharezLook/NewCloseButtonPressed' (147be030) of type: BasicImage
01/05/2026 16:12:05 (Std) 	[ImageManager] Created image: 'TaharezLook/MultiLineEditboxLeft' (147be210) of type: BasicImage
01/05/2026 16:12:05 (Std) 	[ImageManager] Created image: 'TaharezLook/MultiLineEditboxRight' (147be300) of type: BasicImage
01/05/2026 16:12:05 (Std) 	[ImageManager] Created image: 'TaharezLook/MultiLineEditboxTop' (147bd5e0) of type: BasicImage
01/05/2026 16:12:05 (Std) 	[ImageManager] Created image: 'TaharezLook/MultiLineEditboxBottom' (147be4e0) of type: BasicImage
01/05/2026 16:12:05 (Std) 	[ImageManager] Created image: 'TaharezLook/MultiLineEditboxTopLeft' (147bdc70) of type: BasicImage
01/05/2026 16:12:05 (Std) 	[ImageManager] Created image: 'TaharezLook/MultiLineEditboxTopRight' (147bdd60) of type: BasicImage
01/05/2026 16:12:05 (Std) 	[ImageManager] Created image: 'TaharezLook/MultiLineEditboxBottomLeft' (147bd6d0) of type: BasicImage
01/05/2026 16:12:05 (Std) 	[ImageManager] Created image: 'TaharezLook/MultiLineEditboxBottomRight' (147bd8b0) of type: BasicImage
01/05/2026 16:12:05 (Std) 	[ImageManager] Created image: 'TaharezLook/MultiLineEditboxBackdrop' (147bde50) of type: BasicImage
01/05/2026 16:12:05 (Std) 	[ImageManager] Created image: 'TaharezLook/MultiLineEditboxSelectionBrush' (147be120) of type: BasicImage
01/05/2026 16:12:05 (Std) 	[ImageManager] Created image: 'TaharezLook/MouseTarget' (147be7b0) of type: BasicImage
01/05/2026 16:12:05 (Std) 	[ImageManager] Created image: 'TaharezLook/MouseArrow' (147bec60) of type: BasicImage
01/05/2026 16:12:05 (Std) 	[ImageManager] Created image: 'TaharezLook/MouseMoveCursor' (147c1c70) of type: BasicImage
01/05/2026 16:12:05 (Std) 	[ImageManager] Created image: 'TaharezLook/MouseNoSoCursor' (147c0e60) of type: BasicImage
01/05/2026 16:12:05 (Std) 	[ImageManager] Created image: 'TaharezLook/MouseEsWeCursor' (147c09b0) of type: BasicImage
01/05/2026 16:12:05 (Std) 	[ImageManager] Created image: 'TaharezLook/MouseNeSwCursor' (147c16d0) of type: BasicImage
01/05/2026 16:12:05 (Std) 	[ImageManager] Created image: 'TaharezLook/MouseNwSeCursor' (147c1a90) of type: BasicImage
01/05/2026 16:12:05 (Std) 	[ImageManager] Created image: 'TaharezLook/MouseTextBar' (147c05f0) of type: BasicImage
01/05/2026 16:12:05 (Std) 	[ImageManager] Created image: 'TaharezLook/TabHorizontalFiller' (147c0410) of type: BasicImage
01/05/2026 16:12:05 (Std) 	[ImageManager] Created image: 'TaharezLook/TabContentPaneUpperLeft' (147c1b80) of type: BasicImage
01/05/2026 16:12:05 (Std) 	[ImageManager] Created image: 'TaharezLook/TabContentPaneUpper' (147bfe70) of type: BasicImage
01/05/2026 16:12:05 (Std) 	[ImageManager] Created image: 'TaharezLook/TabContentPaneUpperRight' (147c06e0) of type: BasicImage
01/05/2026 16:12:05 (Std) 	[ImageManager] Created image: 'TaharezLook/TabContentPaneLeft' (147c1130) of type: BasicImage
01/05/2026 16:12:05 (Std) 	[ImageManager] Created image: 'TaharezLook/TabContentPaneRight' (147c1220) of type: BasicImage
01/05/2026 16:12:05 (Std) 	[ImageManager] Created image: 'TaharezLook/TabContentPaneLower' (147c1400) of type: BasicImage
01/05/2026 16:12:05 (Std) 	[ImageManager] Created image: 'TaharezLook/TabContentPaneLowerLeft' (147c0140) of type: BasicImage
01/05/2026 16:12:05 (Std) 	[ImageManager] Created image: 'TaharezLook/TabContentPaneLowerRight' (147c0aa0) of type: BasicImage
01/05/2026 16:12:05 (Std) 	[ImageManager] Created image: 'TaharezLook/TabContentPaneMiddle' (147c14f0) of type: BasicImage
01/05/2026 16:12:05 (Std) 	[ImageManager] Created image: 'TaharezLook/TabButtonScrollLeftNormal' (147bff60) of type: BasicImage
01/05/2026 16:12:05 (Std) 	[ImageManager] Created image: 'TaharezLook/TabButtonScrollRightNormal' (147c19a0) of type: BasicImage
01/05/2026 16:12:05 (Std) 	[ImageManager] Created image: 'TaharezLook/TabButtonScrollLeftHover' (147c1310) of type: BasicImage
01/05/2026 16:12:05 (Std) 	[ImageManager] Created image: 'TaharezLook/TabButtonScrollRightHover' (147c15e0) of type: BasicImage
01/05/2026 16:12:05 (Std) 	[ImageManager] Created image: 'TaharezLook/TabButtonLeftNormal' (147c17c0) of type: BasicImage
01/05/2026 16:12:05 (Std) 	[ImageManager] Created image: 'TaharezLook/TabButtonRightNormal' (147c0050) of type: BasicImage
01/05/2026 16:12:05 (Std) 	[ImageManager] Created image: 'TaharezLook/TabButtonUpperNormal' (147c18b0) of type: BasicImage
01/05/2026 16:12:05 (Std) 	[ImageManager] Created image: 'TaharezLook/TabButtonLowerNormal' (147c0230) of type: BasicImage
01/05/2026 16:12:05 (Std) 	[ImageManager] Created image: 'TaharezLook/TabButtonUpperLeftNormal' (147c0320) of type: BasicImage
01/05/2026 16:12:05 (Std) 	[ImageManager] Created image: 'TaharezLook/TabButtonUpperLeft2Normal' (147c0500) of type: BasicImage
01/05/2026 16:12:05 (Std) 	[ImageManager] Created image: 'TaharezLook/TabButtonUpperRightNormal' (147c07d0) of type: BasicImage
01/05/2026 16:12:05 (Std) 	[ImageManager] Created image: 'TaharezLook/TabButtonLowerLeftNormal' (147c08c0) of type: BasicImage
01/05/2026 16:12:05 (Std) 	[ImageManager] Created image: 'TaharezLook/TabButtonLowerRightNormal' (147c0b90) of type: BasicImage
01/05/2026 16:12:05 (Std) 	[ImageManager] Created image: 'TaharezLook/TabButtonLowerRight2Normal' (147c0c80) of type: BasicImage
01/05/2026 16:12:05 (Std) 	[ImageManager] Created image: 'TaharezLook/TabButtonMiddleNormal' (147c0f50) of type: BasicImage
01/05/2026 16:12:05 (Std) 	[ImageManager] Created image: 'TaharezLook/TabButtonLeftSelected' (147c0d70) of type: BasicImage
01/05/2026 16:12:05 (Std) 	[ImageManager] Created image: 'TaharezLook/TabButtonRightSelected' (147c1040) of type: BasicImage
01/05/2026 16:12:05 (Std) 	[ImageManager] Created image: 'TaharezLook/TabButtonUpperSelected' (147bf400) of type: BasicImage
01/05/2026 16:12:05 (Std) 	[ImageManager] Created image: 'TaharezLook/TabButtonLowerSelected' (147bf4f0) of type: BasicImage
01/05/2026 16:12:05 (Std) 	[ImageManager] Created image: 'TaharezLook/TabButtonUpperLeftSelected' (147bee60) of type: BasicImage
01/05/2026 16:12:05 (Std) 	[ImageManager] Created image: 'TaharezLook/TabButtonUpperRightSelected' (147bef50) of type: BasicImage
01/05/2026 16:12:05 (Std) 	[ImageManager] Created image: 'TaharezLook/TabButtonLowerLeftSelected' (147bf5e0) of type: BasicImage
01/05/2026 16:12:05 (Std) 	[ImageManager] Created image: 'TaharezLook/TabButtonLowerRightSelected' (147bf040) of type: BasicImage
01/05/2026 16:12:05 (Std) 	[ImageManager] Created image: 'TaharezLook/TabButtonMiddleSelected' (147bf8b0) of type: BasicImage
01/05/2026 16:12:05 (Std) 	[ImageManager] Created image: 'TaharezLook/TooltipTopLeft' (147bf130) of type: BasicImage
01/05/2026 16:12:05 (Std) 	[ImageManager] Created image: 'TaharezLook/TooltipTopRight' (147bf6d0) of type: BasicImage
01/05/2026 16:12:05 (Std) 	[ImageManager] Created image: 'TaharezLook/TooltipBottomLeft' (147bfc70) of type: BasicImage
01/05/2026 16:12:05 (Std) 	[ImageManager] Created image: 'TaharezLook/TooltipBottomRight' (147bf7c0) of type: BasicImage
01/05/2026 16:12:05 (Std) 	[ImageManager] Created image: 'TaharezLook/TooltipLeftEdge' (147bf220) of type: BasicImage
01/05/2026 16:12:05 (Std) 	[ImageManager] Created image: 'TaharezLook/TooltipRightEdge' (147bf9a0) of type: BasicImage
01/05/2026 16:12:05 (Std) 	[ImageManager] Created image: 'TaharezLook/TooltipTopEdge' (147bfa90) of type: BasicImage
01/05/2026 16:12:05 (Std) 	[ImageManager] Created image: 'TaharezLook/TooltipBottomEdge' (147bf310) of type: BasicImage
01/05/2026 16:12:05 (Std) 	[ImageManager] Created image: 'TaharezLook/TooltipMiddle' (147bfb80) of type: BasicImage
01/05/2026 16:12:05 (Std) 	[ImageManager] Created image: 'TaharezLook/MenuTopLeft' (147c45f0) of type: BasicImage
01/05/2026 16:12:05 (Std) 	[ImageManager] Created image: 'TaharezLook/MenuTopRight' (147c4320) of type: BasicImage
01/05/2026 16:12:05 (Std) 	[ImageManager] Created image: 'TaharezLook/MenuBottomLeft' (147c39c0) of type: BasicImage
01/05/2026 16:12:05 (Std) 	[ImageManager] Created image: 'TaharezLook/MenuBottomRight' (147c36f0) of type: BasicImage
01/05/2026 16:12:05 (Std) 	[ImageManager] Created image: 'TaharezLook/MenuLeft' (147c2e80) of type: BasicImage
01/05/2026 16:12:05 (Std) 	[ImageManager] Created image: 'TaharezLook/MenuRight' (147c2f70) of type: BasicImage
01/05/2026 16:12:05 (Std) 	[ImageManager] Created image: 'TaharezLook/MenuTop' (147c3510) of type: BasicImage
01/05/2026 16:12:05 (Std) 	[ImageManager] Created image: 'TaharezLook/MenuBottom' (147c4aa0) of type: BasicImage
01/05/2026 16:12:05 (Std) 	[ImageManager] Created image: 'TaharezLook/MenuMiddle' (147c4b90) of type: BasicImage
01/05/2026 16:12:05 (Std) 	[ImageManager] Created image: 'TaharezLook/PopupMenuFrameTopLeft' (147c48c0) of type: BasicImage
01/05/2026 16:12:05 (Std) 	[ImageManager] Created image: 'TaharezLook/PopupMenuFrameTopRight' (147c49b0) of type: BasicImage
01/05/2026 16:12:05 (Std) 	[ImageManager] Created image: 'TaharezLook/PopupMenuFrameBottomLeft' (147c3d80) of type: BasicImage
01/05/2026 16:12:05 (Std) 	[ImageManager] Created image: 'TaharezLook/PopupMenuFrameBottomRight' (147c3060) of type: BasicImage
01/05/2026 16:12:05 (Std) 	[ImageManager] Created image: 'TaharezLook/PopupMenuFrameLeft' (147c3f60) of type: BasicImage
01/05/2026 16:12:05 (Std) 	[ImageManager] Created image: 'TaharezLook/PopupMenuFrameRight' (147c3150) of type: BasicImage
01/05/2026 16:12:05 (Std) 	[ImageManager] Created image: 'TaharezLook/PopupMenuFrameTop' (147c3330) of type: BasicImage
01/05/2026 16:12:05 (Std) 	[ImageManager] Created image: 'TaharezLook/PopupMenuFrameBottom' (147c4140) of type: BasicImage
01/05/2026 16:12:05 (Std) 	[ImageManager] Created image: 'TaharezLook/PopupMenuMiddle' (147c3240) of type: BasicImage
01/05/2026 16:12:05 (Std) 	[ImageManager] Created image: 'TaharezLook/PopupMenuArrowRight' (147c3420) of type: BasicImage
01/05/2026 16:12:05 (Std) 	[ImageManager] Created image: 'TaharezLook/PopupMenuArrowLeft' (147c3600) of type: BasicImage
01/05/2026 16:12:05 (Std) 	[ImageManager] Created image: 'TaharezLook/TreeListClosed' (147c37e0) of type: BasicImage
01/05/2026 16:12:05 (Std) 	[ImageManager] Created image: 'TaharezLook/TreeListOpened' (147c38d0) of type: BasicImage
01/05/2026 16:12:05 (Std) 	===== Falagard 'root' element: look and feel parsing begins =====
01/05/2026 16:12:05 (Std) 	===== Look and feel parsing completed =====
01/05/2026 16:12:05 (Std) 	No window renderer factories specified for module 'CEGUICoreWindowRendererSet' - adding all available factories...
01/05/2026 16:12:05 (Std) 	Created WindowRendererFactory for 'Core/Button' WindowRenderers.
01/05/2026 16:12:05 (Std) 	WindowRendererFactory 'Core/Button' added. (1459a528)
01/05/2026 16:12:05 (Std) 	Created WindowRendererFactory for 'Core/Default' WindowRenderers.
01/05/2026 16:12:05 (Std) 	WindowRendererFactory 'Core/Default' added. (1459a870)
01/05/2026 16:12:05 (Std) 	Created WindowRendererFactory for 'Core/Editbox' WindowRenderers.
01/05/2026 16:12:05 (Std) 	WindowRendererFactory 'Core/Editbox' added. (0fb27298)
01/05/2026 16:12:05 (Std) 	Created WindowRendererFactory for 'Core/FrameWindow' WindowRenderers.
01/05/2026 16:12:05 (Std) 	WindowRendererFactory 'Core/FrameWindow' added. (0fb26d58)
01/05/2026 16:12:05 (Std) 	Created WindowRendererFactory for 'Core/ItemEntry' WindowRenderers.
01/05/2026 16:12:05 (Std) 	WindowRendererFactory 'Core/ItemEntry' added. (0fb253c0)
01/05/2026 16:12:05 (Std) 	Created WindowRendererFactory for 'Core/ListHeader' WindowRenderers.
01/05/2026 16:12:05 (Std) 	WindowRendererFactory 'Core/ListHeader' added. (0fb25660)
01/05/2026 16:12:05 (Std) 	Created WindowRendererFactory for 'Core/ListHeaderSegment' WindowRenderers.
01/05/2026 16:12:05 (Std) 	WindowRendererFactory 'Core/ListHeaderSegment' added. (0fadd2d0)
01/05/2026 16:12:05 (Std) 	Created WindowRendererFactory for 'Core/Listbox' WindowRenderers.
01/05/2026 16:12:05 (Std) 	WindowRendererFactory 'Core/Listbox' added. (0fabe3d0)
01/05/2026 16:12:05 (Std) 	Created WindowRendererFactory for 'Core/Menubar' WindowRenderers.
01/05/2026 16:12:05 (Std) 	WindowRendererFactory 'Core/Menubar' added. (14602a90)
01/05/2026 16:12:05 (Std) 	Created WindowRendererFactory for 'Core/MenuItem' WindowRenderers.
01/05/2026 16:12:05 (Std) 	WindowRendererFactory 'Core/MenuItem' added. (14602c88)
01/05/2026 16:12:05 (Std) 	Created WindowRendererFactory for 'Core/MultiColumnList' WindowRenderers.
01/05/2026 16:12:05 (Std) 	WindowRendererFactory 'Core/MultiColumnList' added. (14601b78)
01/05/2026 16:12:05 (Std) 	Created WindowRendererFactory for 'Core/MultiLineEditbox' WindowRenderers.
01/05/2026 16:12:05 (Std) 	WindowRendererFactory 'Core/MultiLineEditbox' added. (14601f68)
01/05/2026 16:12:05 (Std) 	Created WindowRendererFactory for 'Core/PopupMenu' WindowRenderers.
01/05/2026 16:12:05 (Std) 	WindowRendererFactory 'Core/PopupMenu' added. (14602010)
01/05/2026 16:12:05 (Std) 	Created WindowRendererFactory for 'Core/ProgressBar' WindowRenderers.
01/05/2026 16:12:05 (Std) 	WindowRendererFactory 'Core/ProgressBar' added. (14601ad0)
01/05/2026 16:12:05 (Std) 	Created WindowRendererFactory for 'Core/ScrollablePane' WindowRenderers.
01/05/2026 16:12:05 (Std) 	WindowRendererFactory 'Core/ScrollablePane' added. (14602748)
01/05/2026 16:12:05 (Std) 	Created WindowRendererFactory for 'Core/Scrollbar' WindowRenderers.
01/05/2026 16:12:05 (Std) 	WindowRendererFactory 'Core/Scrollbar' added. (14601c20)
01/05/2026 16:12:05 (Std) 	Created WindowRendererFactory for 'Core/Slider' WindowRenderers.
01/05/2026 16:12:05 (Std) 	WindowRendererFactory 'Core/Slider' added. (14601ec0)
01/05/2026 16:12:05 (Std) 	Created WindowRendererFactory for 'Core/Static' WindowRenderers.
01/05/2026 16:12:05 (Std) 	WindowRendererFactory 'Core/Static' added. (14601cc8)
01/05/2026 16:12:05 (Std) 	Created WindowRendererFactory for 'Core/StaticImage' WindowRenderers.
01/05/2026 16:12:05 (Std) 	WindowRendererFactory 'Core/StaticImage' added. (146026a0)
01/05/2026 16:12:05 (Std) 	Created WindowRendererFactory for 'Core/StaticText' WindowRenderers.
01/05/2026 16:12:05 (Std) 	WindowRendererFactory 'Core/StaticText' added. (14601d70)
01/05/2026 16:12:05 (Std) 	Created WindowRendererFactory for 'Core/TabButton' WindowRenderers.
01/05/2026 16:12:05 (Std) 	WindowRendererFactory 'Core/TabButton' added. (14601980)
01/05/2026 16:12:05 (Std) 	Created WindowRendererFactory for 'Core/TabControl' WindowRenderers.
01/05/2026 16:12:05 (Std) 	WindowRendererFactory 'Core/TabControl' added. (14601e18)
01/05/2026 16:12:05 (Std) 	Created WindowRendererFactory for 'Core/Titlebar' WindowRenderers.
01/05/2026 16:12:05 (Std) 	WindowRendererFactory 'Core/Titlebar' added. (146020b8)
01/05/2026 16:12:05 (Std) 	Created WindowRendererFactory for 'Core/ToggleButton' WindowRenderers.
01/05/2026 16:12:05 (Std) 	WindowRendererFactory 'Core/ToggleButton' added. (14602400)
01/05/2026 16:12:05 (Std) 	Created WindowRendererFactory for 'Core/Tooltip' WindowRenderers.
01/05/2026 16:12:05 (Std) 	WindowRendererFactory 'Core/Tooltip' added. (14602160)
01/05/2026 16:12:05 (Std) 	Created WindowRendererFactory for 'Core/ItemListbox' WindowRenderers.
01/05/2026 16:12:05 (Std) 	WindowRendererFactory 'Core/ItemListbox' added. (14602208)
01/05/2026 16:12:05 (Std) 	Created WindowRendererFactory for 'Core/Tree' WindowRenderers.
01/05/2026 16:12:05 (Std) 	WindowRendererFactory 'Core/Tree' added. (146022b0)
01/05/2026 16:12:05 (Std) 	Creating falagard mapping for type 'TaharezLook/Label' using base type 'DefaultWindow', window renderer 'Core/Default' Look'N'Feel 'TaharezLook/Label' and RenderEffect ''. (00ffd0e0)
01/05/2026 16:12:05 (Std) 	Creating falagard mapping for type 'TaharezLook/Button' using base type 'CEGUI/PushButton', window renderer 'Core/Button' Look'N'Feel 'TaharezLook/Button' and RenderEffect ''. (00ffd0e0)
01/05/2026 16:12:05 (Std) 	Creating falagard mapping for type 'TaharezLook/Checkbox' using base type 'CEGUI/ToggleButton', window renderer 'Core/ToggleButton' Look'N'Feel 'TaharezLook/Checkbox' and RenderEffect ''. (00ffd0e0)
01/05/2026 16:12:05 (Std) 	Creating falagard mapping for type 'TaharezLook/ImageButton' using base type 'CEGUI/PushButton', window renderer 'Core/Button' Look'N'Feel 'TaharezLook/ImageButton' and RenderEffect ''. (00ffd0e0)
01/05/2026 16:12:05 (Std) 	Creating falagard mapping for type 'TaharezLook/RadioButton' using base type 'CEGUI/RadioButton', window renderer 'Core/ToggleButton' Look'N'Feel 'TaharezLook/RadioButton' and RenderEffect ''. (00ffd0e0)
01/05/2026 16:12:05 (Std) 	Creating falagard mapping for type 'TaharezLook/FrameWindow' using base type 'CEGUI/FrameWindow', window renderer 'Core/FrameWindow' Look'N'Feel 'TaharezLook/FrameWindow' and RenderEffect ''. (00ffd0e0)
01/05/2026 16:12:05 (Std) 	Creating falagard mapping for type 'TaharezLook/Titlebar' using base type 'CEGUI/Titlebar', window renderer 'Core/Titlebar' Look'N'Feel 'TaharezLook/Titlebar' and RenderEffect ''. (00ffd0e0)
01/05/2026 16:12:05 (Std) 	Creating falagard mapping for type 'TaharezLook/Editbox' using base type 'CEGUI/Editbox', window renderer 'Core/Editbox' Look'N'Feel 'TaharezLook/Editbox' and RenderEffect ''. (00ffd0e0)
01/05/2026 16:12:05 (Std) 	Creating falagard mapping for type 'TaharezLook/MultiLineEditbox' using base type 'CEGUI/MultiLineEditbox', window renderer 'Core/MultiLineEditbox' Look'N'Feel 'TaharezLook/MultiLineEditbox' and RenderEffect ''. (00ffd0e0)
01/05/2026 16:12:05 (Std) 	Creating falagard mapping for type 'TaharezLook/Menubar' using base type 'CEGUI/Menubar', window renderer 'Core/Menubar' Look'N'Feel 'TaharezLook/Menubar' and RenderEffect ''. (00ffd0e0)
01/05/2026 16:12:05 (Std) 	Creating falagard mapping for type 'TaharezLook/PopupMenu' using base type 'CEGUI/PopupMenu', window renderer 'Core/PopupMenu' Look'N'Feel 'TaharezLook/PopupMenu' and RenderEffect ''. (00ffd0e0)
01/05/2026 16:12:05 (Std) 	Creating falagard mapping for type 'TaharezLook/MenuItem' using base type 'CEGUI/MenuItem', window renderer 'Core/MenuItem' Look'N'Feel 'TaharezLook/MenuItem' and RenderEffect ''. (00ffd0e0)
01/05/2026 16:12:05 (Std) 	Creating falagard mapping for type 'TaharezLook/AlternateProgressBar' using base type 'CEGUI/ProgressBar', window renderer 'Core/ProgressBar' Look'N'Feel 'TaharezLook/AltProgressBar' and RenderEffect ''. (00ffd0e0)
01/05/2026 16:12:05 (Std) 	Creating falagard mapping for type 'TaharezLook/ProgressBar' using base type 'CEGUI/ProgressBar', window renderer 'Core/ProgressBar' Look'N'Feel 'TaharezLook/ProgressBar' and RenderEffect ''. (00ffd0e0)
01/05/2026 16:12:05 (Std) 	Creating falagard mapping for type 'TaharezLook/VUMeter' using base type 'CEGUI/ProgressBar', window renderer 'Core/ProgressBar' Look'N'Feel 'TaharezLook/VUMeter' and RenderEffect ''. (00ffd0e0)
01/05/2026 16:12:05 (Std) 	Creating falagard mapping for type 'TaharezLook/VerticalScrollbar' using base type 'CEGUI/Scrollbar', window renderer 'Core/Scrollbar' Look'N'Feel 'TaharezLook/VerticalScrollbar' and RenderEffect ''. (00ffd0e0)
01/05/2026 16:12:05 (Std) 	Creating falagard mapping for type 'TaharezLook/HorizontalScrollbar' using base type 'CEGUI/Scrollbar', window renderer 'Core/Scrollbar' Look'N'Feel 'TaharezLook/HorizontalScrollbar' and RenderEffect ''. (00ffd0e0)
01/05/2026 16:12:05 (Std) 	Creating falagard mapping for type 'TaharezLook/VerticalScrollbarThumb' using base type 'CEGUI/Thumb', window renderer 'Core/Button' Look'N'Feel 'TaharezLook/VerticalScrollbarThumb' and RenderEffect ''. (00ffd0e0)
01/05/2026 16:12:05 (Std) 	Creating falagard mapping for type 'TaharezLook/HorizontalScrollbarThumb' using base type 'CEGUI/Thumb', window renderer 'Core/Button' Look'N'Feel 'TaharezLook/HorizontalScrollbarThumb' and RenderEffect ''. (00ffd0e0)
01/05/2026 16:12:05 (Std) 	Creating falagard mapping for type 'TaharezLook/LargeVerticalScrollbar' using base type 'CEGUI/Scrollbar', window renderer 'Core/Scrollbar' Look'N'Feel 'TaharezLook/LargeVerticalScrollbar' and RenderEffect ''. (00ffd0e0)
01/05/2026 16:12:05 (Std) 	Creating falagard mapping for type 'TaharezLook/LargeVerticalScrollbarThumb' using base type 'CEGUI/Thumb', window renderer 'Core/Button' Look'N'Feel 'TaharezLook/LargeVerticalScrollbarThumb' and RenderEffect ''. (00ffd0e0)
01/05/2026 16:12:05 (Std) 	Creating falagard mapping for type 'TaharezLook/TabButton' using base type 'CEGUI/TabButton', window renderer 'Core/TabButton' Look'N'Feel 'TaharezLook/TabButton' and RenderEffect ''. (00ffd0e0)
01/05/2026 16:12:05 (Std) 	Creating falagard mapping for type 'TaharezLook/TabControl' using base type 'CEGUI/TabControl', window renderer 'Core/TabControl' Look'N'Feel 'TaharezLook/TabControl' and RenderEffect ''. (00ffd0e0)
01/05/2026 16:12:05 (Std) 	Creating falagard mapping for type 'TaharezLook/TabContentPane' using base type 'DefaultWindow', window renderer 'Core/Default' Look'N'Feel 'TaharezLook/TabContentPane' and RenderEffect ''. (00ffd0e0)
01/05/2026 16:12:05 (Std) 	Creating falagard mapping for type 'TaharezLook/TabButtonPane' using base type 'DefaultWindow', window renderer 'Core/Default' Look'N'Feel 'TaharezLook/TabButtonPane' and RenderEffect ''. (00ffd0e0)
01/05/2026 16:12:05 (Std) 	Creating falagard mapping for type 'TaharezLook/ComboDropList' using base type 'CEGUI/ComboDropList', window renderer 'Core/Listbox' Look'N'Feel 'TaharezLook/ComboDropList' and RenderEffect ''. (00ffd0e0)
01/05/2026 16:12:05 (Std) 	Creating falagard mapping for type 'TaharezLook/ComboEditbox' using base type 'CEGUI/Editbox', window renderer 'Core/Editbox' Look'N'Feel 'TaharezLook/ComboEditbox' and RenderEffect ''. (00ffd0e0)
01/05/2026 16:12:05 (Std) 	Creating falagard mapping for type 'TaharezLook/Combobox' using base type 'CEGUI/Combobox', window renderer 'Core/Default' Look'N'Feel 'TaharezLook/Combobox' and RenderEffect ''. (00ffd0e0)
01/05/2026 16:12:05 (Std) 	Creating falagard mapping for type 'TaharezLook/Listbox' using base type 'CEGUI/Listbox', window renderer 'Core/Listbox' Look'N'Feel 'TaharezLook/Listbox' and RenderEffect ''. (00ffd0e0)
01/05/2026 16:12:05 (Std) 	Creating falagard mapping for type '' using base type '', window renderer '' Look'N'Feel '' and RenderEffect ''. (00ffd0e0)
01/05/2026 16:12:05 (Std) 	Creating falagard mapping for type 'TaharezLook/ListHeader' using base type 'CEGUI/ListHeader', window renderer 'Core/ListHeader' Look'N'Feel 'TaharezLook/ListHeader' and RenderEffect ''. (00ffd0e0)
01/05/2026 16:12:05 (Std) 	Creating falagard mapping for type 'TaharezLook/ListHeaderSegment' using base type 'CEGUI/ListHeaderSegment', window renderer 'Core/ListHeaderSegment' Look'N'Feel 'TaharezLook/ListHeaderSegment' and RenderEffect ''. (00ffd0e0)
01/05/2026 16:12:05 (Std) 	Creating falagard mapping for type 'TaharezLook/MultiColumnList' using base type 'CEGUI/MultiColumnList', window renderer 'Core/MultiColumnList' Look'N'Feel 'TaharezLook/MultiColumnList' and RenderEffect ''. (00ffd0e0)
01/05/2026 16:12:05 (Std) 	Creating falagard mapping for type 'TaharezLook/Slider' using base type 'CEGUI/Slider', window renderer 'Core/Slider' Look'N'Feel 'TaharezLook/Slider' and RenderEffect ''. (00ffd0e0)
01/05/2026 16:12:05 (Std) 	Creating falagard mapping for type 'TaharezLook/SliderThumb' using base type 'CEGUI/Thumb', window renderer 'Core/Button' Look'N'Feel 'TaharezLook/SliderThumb' and RenderEffect ''. (00ffd0e0)
01/05/2026 16:12:05 (Std) 	Creating falagard mapping for type 'TaharezLook/ScrollablePane' using base type 'CEGUI/ScrollablePane', window renderer 'Core/ScrollablePane' Look'N'Feel 'TaharezLook/ScrollablePane' and RenderEffect ''. (00ffd0e0)
01/05/2026 16:12:05 (Std) 	Creating falagard mapping for type 'TaharezLook/Spinner' using base type 'CEGUI/Spinner', window renderer 'Core/Default' Look'N'Feel 'TaharezLook/Spinner' and RenderEffect ''. (00ffd0e0)
01/05/2026 16:12:05 (Std) 	Creating falagard mapping for type 'TaharezLook/Tooltip' using base type 'CEGUI/Tooltip', window renderer 'Core/Tooltip' Look'N'Feel 'TaharezLook/Tooltip' and RenderEffect ''. (00ffd0e0)
01/05/2026 16:12:05 (Std) 	Creating falagard mapping for type 'TaharezLook/StaticImage' using base type 'DefaultWindow', window renderer 'Core/StaticImage' Look'N'Feel 'TaharezLook/StaticImage' and RenderEffect ''. (00ffd0e0)
01/05/2026 16:12:05 (Std) 	Creating falagard mapping for type 'TaharezLook/StaticText' using base type 'DefaultWindow', window renderer 'Core/StaticText' Look'N'Feel 'TaharezLook/StaticText' and RenderEffect ''. (00ffd0e0)
01/05/2026 16:12:05 (Std) 	Creating falagard mapping for type 'TaharezLook/ItemListbox' using base type 'CEGUI/ItemListbox', window renderer 'Core/ItemListbox' Look'N'Feel 'TaharezLook/ItemListbox' and RenderEffect ''. (00ffd0e0)
01/05/2026 16:12:05 (Std) 	Creating falagard mapping for type 'TaharezLook/ListboxItem' using base type 'CEGUI/ItemEntry', window renderer 'Core/ItemEntry' Look'N'Feel 'TaharezLook/ListboxItem' and RenderEffect ''. (00ffd0e0)
01/05/2026 16:12:05 (Std) 	Creating falagard mapping for type 'TaharezLook/GroupBox' using base type 'DefaultWindow', window renderer 'Core/Default' Look'N'Feel 'TaharezLook/GroupBox' and RenderEffect ''. (00ffd0e0)
01/05/2026 16:12:05 (Std) 	Creating falagard mapping for type 'TaharezLook/Tree' using base type 'CEGUI/Tree', window renderer 'Core/Tree' Look'N'Feel 'TaharezLook/Tree' and RenderEffect ''. (00ffd0e0)
01/05/2026 16:12:05 (Std) 	Started creation of Scheme from XML specification:
01/05/2026 16:12:05 (Std) 	---- CEGUI GUIScheme name: VanillaSkin
01/05/2026 16:12:05 (Std) 	[ImageManager] Started creation of Imageset from XML specification:
01/05/2026 16:12:05 (Std) 	[ImageManager] ---- CEGUI Imageset name: Vanilla-Images
01/05/2026 16:12:05 (Std) 	[ImageManager] ---- Source texture file: vanilla.png
01/05/2026 16:12:05 (Std) 	[ImageManager] ---- Source texture resource group: (Default)
01/05/2026 16:12:05 (Std) 	[OpenGLRenderer] Created texture: Vanilla-Images
01/05/2026 16:12:05 (Std) 	[ImageManager] Created image: 'Vanilla-Images/GenericBrush' (147c46e0) of type: BasicImage
01/05/2026 16:12:05 (Std) 	[ImageManager] Created image: 'Vanilla-Images/FrameTopLeft' (147c3ab0) of type: BasicImage
01/05/2026 16:12:05 (Std) 	[ImageManager] Created image: 'Vanilla-Images/FrameTopRight' (147c3ba0) of type: BasicImage
01/05/2026 16:12:05 (Std) 	[ImageManager] Created image: 'Vanilla-Images/FrameBottomLeft' (147c3c90) of type: BasicImage
01/05/2026 16:12:05 (Std) 	[ImageManager] Created image: 'Vanilla-Images/FrameBottomRight' (147c3e70) of type: BasicImage
01/05/2026 16:12:05 (Std) 	[ImageManager] Created image: 'Vanilla-Images/FrameLeft' (147c4050) of type: BasicImage
01/05/2026 16:12:05 (Std) 	[ImageManager] Created image: 'Vanilla-Images/FrameRight' (147c4230) of type: BasicImage
01/05/2026 16:12:05 (Std) 	[ImageManager] Created image: 'Vanilla-Images/FrameTop' (147c4410) of type: BasicImage
01/05/2026 16:12:05 (Std) 	[ImageManager] Created image: 'Vanilla-Images/FrameBottom' (147c4500) of type: BasicImage
01/05/2026 16:12:05 (Std) 	[ImageManager] Created image: 'Vanilla-Images/ScrollUpArrow' (147c47d0) of type: BasicImage
01/05/2026 16:12:05 (Std) 	[ImageManager] Created image: 'Vanilla-Images/ScrollDownArrow' (147c4c80) of type: BasicImage
01/05/2026 16:12:05 (Std) 	[ImageManager] Created image: 'Vanilla-Images/VertScrollContainer' (0d994f20) of type: BasicImage
01/05/2026 16:12:05 (Std) 	[ImageManager] Created image: 'Vanilla-Images/ScrollLeftArrow' (0d995d30) of type: BasicImage
01/05/2026 16:12:05 (Std) 	[ImageManager] Created image: 'Vanilla-Images/ScrollRightArrow' (0d994890) of type: BasicImage
01/05/2026 16:12:05 (Std) 	[ImageManager] Created image: 'Vanilla-Images/HorzScrollContainer' (0d9951f0) of type: BasicImage
01/05/2026 16:12:05 (Std) 	[ImageManager] Created image: 'Vanilla-Images/ScrollbarThumb' (0d994b60) of type: BasicImage
01/05/2026 16:12:05 (Std) 	[ImageManager] Created image: 'Vanilla-Images/ShadowBrush' (0d994110) of type: BasicImage
01/05/2026 16:12:05 (Std) 	[ImageManager] Created image: 'Vanilla-Images/MouseArrow' (0d9955b0) of type: BasicImage
01/05/2026 16:12:05 (Std) 	[ImageManager] Created image: 'Vanilla-Images/CheckboxNormal' (0d994020) of type: BasicImage
01/05/2026 16:12:05 (Std) 	[ImageManager] Created image: 'Vanilla-Images/CheckboxHover' (0d994200) of type: BasicImage
01/05/2026 16:12:05 (Std) 	[ImageManager] Created image: 'Vanilla-Images/CheckboxMark' (0d994a70) of type: BasicImage
01/05/2026 16:12:05 (Std) 	[ImageManager] Created image: 'Vanilla-Images/RadioButtonNormal' (0d994c50) of type: BasicImage
01/05/2026 16:12:05 (Std) 	[ImageManager] Created image: 'Vanilla-Images/RadioButtonHover' (0d994d40) of type: BasicImage
01/05/2026 16:12:05 (Std) 	[ImageManager] Created image: 'Vanilla-Images/RadioButtonMark' (0d994e30) of type: BasicImage
01/05/2026 16:12:05 (Std) 	[ImageManager] Created image: 'Vanilla-Images/SliderScrollUpArrow' (0d9942f0) of type: BasicImage
01/05/2026 16:12:05 (Std) 	[ImageManager] Created image: 'Vanilla-Images/SliderScrollDownArrow' (0d995010) of type: BasicImage
01/05/2026 16:12:05 (Std) 	[ImageManager] Created image: 'Vanilla-Images/SliderScrollLeftArrow' (0d995880) of type: BasicImage
01/05/2026 16:12:05 (Std) 	[ImageManager] Created image: 'Vanilla-Images/SliderScrollRightArrow' (0d9953d0) of type: BasicImage
01/05/2026 16:12:05 (Std) 	[ImageManager] Created image: 'Vanilla-Images/VerticalImageSliderThumb' (0d994980) of type: BasicImage
01/05/2026 16:12:05 (Std) 	[ImageManager] Created image: 'Vanilla-Images/HorizontalImageSliderThumb' (0d995100) of type: BasicImage
01/05/2026 16:12:05 (Std) 	[ImageManager] Created image: 'Vanilla-Images/VerticalImageSliderContainer' (0d9945c0) of type: BasicImage
01/05/2026 16:12:05 (Std) 	[ImageManager] Created image: 'Vanilla-Images/HorizontalImageSliderContainer' (0d995970) of type: BasicImage
01/05/2026 16:12:05 (Std) 	[ImageManager] Created image: 'Vanilla-Images/DefaultScrollImage' (0d9956a0) of type: BasicImage
01/05/2026 16:12:05 (Std) 	[ImageManager] Created image: 'Vanilla-Images/VerticalImageSliderTopEnd' (0d9952e0) of type: BasicImage
01/05/2026 16:12:05 (Std) 	[ImageManager] Created image: 'Vanilla-Images/VerticalImageSliderBottomEnd' (0d9954c0) of type: BasicImage
01/05/2026 16:12:05 (Std) 	[ImageManager] Created image: 'Vanilla-Images/HorizontalImageSliderLeftEnd' (0d9946b0) of type: BasicImage
01/05/2026 16:12:05 (Std) 	[ImageManager] Created image: 'Vanilla-Images/HorizontalImageSliderRightEnd' (0d995790) of type: BasicImage
01/05/2026 16:12:05 (Std) 	[ImageManager] Created image: 'Vanilla-Images/ColourPickerCursor' (0d995a60) of type: BasicImage
01/05/2026 16:12:05 (Std) 	[ImageManager] Created image: 'Vanilla-Images/TooltipBottomEdge' (0d995b50) of type: BasicImage
01/05/2026 16:12:05 (Std) 	[ImageManager] Created image: 'Vanilla-Images/TooltipBottomLeft' (0d9943e0) of type: BasicImage
01/05/2026 16:12:05 (Std) 	[ImageManager] Created image: 'Vanilla-Images/TooltipTopEdge' (0d9944d0) of type: BasicImage
01/05/2026 16:12:05 (Std) 	[ImageManager] Created image: 'Vanilla-Images/TooltipTopRight' (0d995c40) of type: BasicImage
01/05/2026 16:12:05 (Std) 	[ImageManager] Created image: 'Vanilla-Images/TooltipRightEdge' (0d9947a0) of type: BasicImage
01/05/2026 16:12:05 (Std) 	[ImageManager] Created image: 'Vanilla-Images/TooltipTopLeft' (0d995e20) of type: BasicImage
01/05/2026 16:12:05 (Std) 	[ImageManager] Created image: 'Vanilla-Images/TooltipLeftEdge' (0d9984b8) of type: BasicImage
01/05/2026 16:12:05 (Std) 	[ImageManager] Created image: 'Vanilla-Images/TooltipMiddle' (0d9994a8) of type: BasicImage
01/05/2026 16:12:05 (Std) 	[ImageManager] Created image: 'Vanilla-Images/TooltipBottomRight' (0d998878) of type: BasicImage
01/05/2026 16:12:05 (Std) 	[ImageManager] Created image: 'Vanilla-Images/DropDownButtonNormal' (0d9983c8) of type: BasicImage
01/05/2026 16:12:05 (Std) 	[ImageManager] Created image: 'Vanilla-Images/DropDownButtonHover' (0d999688) of type: BasicImage
01/05/2026 16:12:05 (Std) 	[ImageManager] Created image: 'Vanilla-Images/DropDownButtonPushed' (0d9982d8) of type: BasicImage
01/05/2026 16:12:05 (Std) 	===== Falagard 'root' element: look and feel parsing begins =====
01/05/2026 16:12:05 (Std) 	===== Look and feel parsing completed =====
01/05/2026 16:12:05 (Std) 	No window renderer factories specified for module 'CEGUICoreWindowRendererSet' - adding all available factories...
01/05/2026 16:12:05 (Std) 	Creating falagard mapping for type 'Vanilla/Label' using base type 'DefaultWindow', window renderer 'Core/Default' Look'N'Feel 'Vanilla/Label' and RenderEffect ''. (00ffd0e0)
01/05/2026 16:12:05 (Std) 	Creating falagard mapping for type 'Vanilla/Titlebar' using base type 'CEGUI/Titlebar', window renderer 'Core/Titlebar' Look'N'Feel 'Vanilla/Titlebar' and RenderEffect ''. (00ffd0e0)
01/05/2026 16:12:05 (Std) 	Creating falagard mapping for type 'Vanilla/Button' using base type 'CEGUI/PushButton', window renderer 'Core/Button' Look'N'Feel 'Vanilla/Button' and RenderEffect ''. (00ffd0e0)
01/05/2026 16:12:05 (Std) 	Creating falagard mapping for type 'Vanilla/FrameWindow' using base type 'CEGUI/FrameWindow', window renderer 'Core/FrameWindow' Look'N'Feel 'Vanilla/FrameWindow' and RenderEffect ''. (00ffd0e0)
01/05/2026 16:12:05 (Std) 	Creating falagard mapping for type 'Vanilla/Editbox' using base type 'CEGUI/Editbox', window renderer 'Core/Editbox' Look'N'Feel 'Vanilla/Editbox' and RenderEffect ''. (00ffd0e0)
01/05/2026 16:12:05 (Std) 	Creating falagard mapping for type 'Vanilla/VerticalScrollbarThumb' using base type 'CEGUI/Thumb', window renderer 'Core/Button' Look'N'Feel 'Vanilla/VerticalScrollbarThumb' and RenderEffect ''. (00ffd0e0)
01/05/2026 16:12:05 (Std) 	Creating falagard mapping for type 'Vanilla/VerticalScrollbar' using base type 'CEGUI/Scrollbar', window renderer 'Core/Scrollbar' Look'N'Feel 'Vanilla/VerticalScrollbar' and RenderEffect ''. (00ffd0e0)
01/05/2026 16:12:05 (Std) 	Creating falagard mapping for type 'Vanilla/HorizontalScrollbarThumb' using base type 'CEGUI/Thumb', window renderer 'Core/Button' Look'N'Feel 'Vanilla/HorizontalScrollbarThumb' and RenderEffect ''. (00ffd0e0)
01/05/2026 16:12:05 (Std) 	Creating falagard mapping for type 'Vanilla/HorizontalScrollbar' using base type 'CEGUI/Scrollbar', window renderer 'Core/Scrollbar' Look'N'Feel 'Vanilla/HorizontalScrollbar' and RenderEffect ''. (00ffd0e0)
01/05/2026 16:12:05 (Std) 	Creating falagard mapping for type 'Vanilla/StaticImage' using base type 'DefaultWindow', window renderer 'Core/StaticImage' Look'N'Feel 'Vanilla/StaticImage' and RenderEffect ''. (00ffd0e0)
01/05/2026 16:12:05 (Std) 	Creating falagard mapping for type 'Vanilla/StaticText' using base type 'DefaultWindow', window renderer 'Core/StaticText' Look'N'Feel 'Vanilla/StaticText' and RenderEffect ''. (00ffd0e0)
01/05/2026 16:12:05 (Std) 	Creating falagard mapping for type 'Vanilla/Listbox' using base type 'CEGUI/Listbox', window renderer 'Core/Listbox' Look'N'Feel 'Vanilla/Listbox' and RenderEffect ''. (00ffd0e0)
01/05/2026 16:12:05 (Std) 	Creating falagard mapping for type 'Vanilla/MultiLineEditbox' using base type 'CEGUI/MultiLineEditbox', window renderer 'Core/MultiLineEditbox' Look'N'Feel 'Vanilla/MultiLineEditbox' and RenderEffect ''. (00ffd0e0)
01/05/2026 16:12:05 (Std) 	Creating falagard mapping for type 'Vanilla/ComboDropList' using base type 'CEGUI/ComboDropList', window renderer 'Core/Listbox' Look'N'Feel 'Vanilla/ComboDropList' and RenderEffect ''. (00ffd0e0)
01/05/2026 16:12:05 (Std) 	Creating falagard mapping for type 'Vanilla/Combobox' using base type 'CEGUI/Combobox', window renderer 'Core/Default' Look'N'Feel 'Vanilla/Combobox' and RenderEffect ''. (00ffd0e0)
01/05/2026 16:12:05 (Std) 	Creating falagard mapping for type 'Vanilla/ProgressBar' using base type 'CEGUI/ProgressBar', window renderer 'Core/ProgressBar' Look'N'Feel 'Vanilla/ProgressBar' and RenderEffect ''. (00ffd0e0)
01/05/2026 16:12:05 (Std) 	Creating falagard mapping for type 'Vanilla/Checkbox' using base type 'CEGUI/ToggleButton', window renderer 'Core/ToggleButton' Look'N'Feel 'Vanilla/Checkbox' and RenderEffect ''. (00ffd0e0)
01/05/2026 16:12:05 (Std) 	Creating falagard mapping for type 'Vanilla/RadioButton' using base type 'CEGUI/RadioButton', window renderer 'Core/ToggleButton' Look'N'Feel 'Vanilla/RadioButton' and RenderEffect ''. (00ffd0e0)
01/05/2026 16:12:05 (Std) 	Creating falagard mapping for type 'Vanilla/Tooltip' using base type 'CEGUI/Tooltip', window renderer 'Core/Tooltip' Look'N'Feel 'Vanilla/Tooltip' and RenderEffect ''. (00ffd0e0)
01/05/2026 16:12:05 (Std) 	Started creation of Scheme from XML specification:
01/05/2026 16:12:05 (Std) 	---- CEGUI GUIScheme name: WindowsLookSkin
01/05/2026 16:12:05 (Std) 	[ImageManager] Started creation of Imageset from XML specification:
01/05/2026 16:12:05 (Std) 	[ImageManager] ---- CEGUI Imageset name: WindowsLook
01/05/2026 16:12:05 (Std) 	[ImageManager] ---- Source texture file: WindowsLook.png
01/05/2026 16:12:05 (Std) 	[ImageManager] ---- Source texture resource group: (Default)
01/05/2026 16:12:05 (Std) 	[OpenGLRenderer] Created texture: WindowsLook
01/05/2026 16:12:05 (Std) 	[ImageManager] Created image: 'WindowsLook/Background' (0d9981e8) of type: BasicImage
01/05/2026 16:12:05 (Std) 	[ImageManager] Created image: 'WindowsLook/WindowFrameLeft' (0d9993b8) of type: BasicImage
01/05/2026 16:12:05 (Std) 	[ImageManager] Created image: 'WindowsLook/WindowFrameRight' (0d998a58) of type: BasicImage
01/05/2026 16:12:05 (Std) 	[ImageManager] Created image: 'WindowsLook/WindowFrameTop' (0d997f18) of type: BasicImage
01/05/2026 16:12:05 (Std) 	[ImageManager] Created image: 'WindowsLook/WindowFrameBottom' (0d999958) of type: BasicImage
01/05/2026 16:12:05 (Std) 	[ImageManager] Created image: 'WindowsLook/WindowFrameTopLeft' (0d998ff8) of type: BasicImage
01/05/2026 16:12:05 (Std) 	[ImageManager] Created image: 'WindowsLook/WindowFrameTopRight' (0d998e18) of type: BasicImage
01/05/2026 16:12:05 (Std) 	[ImageManager] Created image: 'WindowsLook/WindowFrameBottomLeft' (0d998698) of type: BasicImage
01/05/2026 16:12:05 (Std) 	[ImageManager] Created image: 'WindowsLook/WindowFrameBottomRight' (0d9985a8) of type: BasicImage
01/05/2026 16:12:05 (Std) 	[ImageManager] Created image: 'WindowsLook/ButtonNormalLeft' (0d999868) of type: BasicImage
01/05/2026 16:12:05 (Std) 	[ImageManager] Created image: 'WindowsLook/ButtonNormalRight' (0d999a48) of type: BasicImage
01/05/2026 16:12:05 (Std) 	[ImageManager] Created image: 'WindowsLook/ButtonNormalTop' (0d9991d8) of type: BasicImage
01/05/2026 16:12:05 (Std) 	[ImageManager] Created image: 'WindowsLook/ButtonNormalBottom' (0d999598) of type: BasicImage
01/05/2026 16:12:05 (Std) 	[ImageManager] Created image: 'WindowsLook/ButtonNormalTopLeft' (0d998d28) of type: BasicImage
01/05/2026 16:12:05 (Std) 	[ImageManager] Created image: 'WindowsLook/ButtonNormalTopRight' (0d9992c8) of type: BasicImage
01/05/2026 16:12:05 (Std) 	[ImageManager] Created image: 'WindowsLook/ButtonNormalBottomLeft' (0d999778) of type: BasicImage
01/05/2026 16:12:05 (Std) 	[ImageManager] Created image: 'WindowsLook/ButtonNormalBottomRight' (0d999b38) of type: BasicImage
01/05/2026 16:12:05 (Std) 	[ImageManager] Created image: 'WindowsLook/ButtonPushedLeft' (0d998008) of type: BasicImage
01/05/2026 16:12:05 (Std) 	[ImageManager] Created image: 'WindowsLook/ButtonPushedRight' (0d9980f8) of type: BasicImage
01/05/2026 16:12:05 (Std) 	[ImageManager] Created image: 'WindowsLook/ButtonPushedTop' (0d997e28) of type: BasicImage
01/05/2026 16:12:05 (Std) 	[ImageManager] Created image: 'WindowsLook/ButtonPushedBottom' (0d998b48) of type: BasicImage
01/05/2026 16:12:05 (Std) 	[ImageManager] Created image: 'WindowsLook/ButtonPushedTopLeft' (0d998788) of type: BasicImage
01/05/2026 16:12:05 (Std) 	[ImageManager] Created image: 'WindowsLook/ButtonPushedTopRight' (0d998968) of type: BasicImage
01/05/2026 16:12:05 (Std) 	[ImageManager] Created image: 'WindowsLook/ButtonPushedBottomLeft' (0d998c38) of type: BasicImage
01/05/2026 16:12:05 (Std) 	[ImageManager] Created image: 'WindowsLook/ButtonPushedBottomRight' (0d998f08) of type: BasicImage
01/05/2026 16:12:05 (Std) 	[ImageManager] Created image: 'WindowsLook/ButtonHoverLeft' (0d9990e8) of type: BasicImage
01/05/2026 16:12:05 (Std) 	[ImageManager] Created image: 'WindowsLook/ButtonHoverRight' (0d999d18) of type: BasicImage
01/05/2026 16:12:05 (Std) 	[ImageManager] Created image: 'WindowsLook/ButtonHoverTop' (0d999e08) of type: BasicImage
01/05/2026 16:12:05 (Std) 	[ImageManager] Created image: 'WindowsLook/ButtonHoverBottom' (0d999c28) of type: BasicImage
01/05/2026 16:12:05 (Std) 	[ImageManager] Created image: 'WindowsLook/ButtonHoverTopLeft' (0d999ef8) of type: BasicImage
01/05/2026 16:12:05 (Std) 	[ImageManager] Created image: 'WindowsLook/ButtonHoverTopRight' (0d996988) of type: BasicImage
01/05/2026 16:12:05 (Std) 	[ImageManager] Created image: 'WindowsLook/ButtonHoverBottomLeft' (0d9964d8) of type: BasicImage
01/05/2026 16:12:05 (Std) 	[ImageManager] Created image: 'WindowsLook/ButtonHoverBottomRight' (0d9973d8) of type: BasicImage
01/05/2026 16:12:05 (Std) 	[ImageManager] Created image: 'WindowsLook/EditFrameLeft' (0d9974c8) of type: BasicImage
01/05/2026 16:12:05 (Std) 	[ImageManager] Created image: 'WindowsLook/EditFrameRight' (0d997b58) of type: BasicImage
01/05/2026 16:12:05 (Std) 	[ImageManager] Created image: 'WindowsLook/EditFrameTop' (0d997978) of type: BasicImage
01/05/2026 16:12:05 (Std) 	[ImageManager] Created image: 'WindowsLook/EditFrameBottom' (0d997c48) of type: BasicImage
01/05/2026 16:12:05 (Std) 	[ImageManager] Created image: 'WindowsLook/EditFrameTopLeft' (0d9966b8) of type: BasicImage
01/05/2026 16:12:05 (Std) 	[ImageManager] Created image: 'WindowsLook/EditFrameTopRight' (0d9971f8) of type: BasicImage
01/05/2026 16:12:05 (Std) 	[ImageManager] Created image: 'WindowsLook/EditFrameBottomLeft' (0d9975b8) of type: BasicImage
01/05/2026 16:12:05 (Std) 	[ImageManager] Created image: 'WindowsLook/EditFrameBottomRight' (0d9962f8) of type: BasicImage
01/05/2026 16:12:05 (Std) 	[ImageManager] Created image: 'WindowsLook/StaticFrameLeft' (0d997a68) of type: BasicImage
01/05/2026 16:12:05 (Std) 	[ImageManager] Created image: 'WindowsLook/StaticFrameRight' (0d9972e8) of type: BasicImage
01/05/2026 16:12:05 (Std) 	[ImageManager] Created image: 'WindowsLook/StaticFrameTop' (0d9963e8) of type: BasicImage
01/05/2026 16:12:05 (Std) 	[ImageManager] Created image: 'WindowsLook/StaticFrameBottom' (0d997d38) of type: BasicImage
01/05/2026 16:12:05 (Std) 	[ImageManager] Created image: 'WindowsLook/StaticFrameTopLeft' (0d9965c8) of type: BasicImage
01/05/2026 16:12:05 (Std) 	[ImageManager] Created image: 'WindowsLook/StaticFrameTopRight' (0d996118) of type: BasicImage
01/05/2026 16:12:05 (Std) 	[ImageManager] Created image: 'WindowsLook/StaticFrameBottomLeft' (0d9967a8) of type: BasicImage
01/05/2026 16:12:05 (Std) 	[ImageManager] Created image: 'WindowsLook/StaticFrameBottomRight' (0d997798) of type: BasicImage
01/05/2026 16:12:05 (Std) 	[ImageManager] Created image: 'WindowsLook/CloseButtonNormal' (0d997108) of type: BasicImage
01/05/2026 16:12:05 (Std) 	[ImageManager] Created image: 'WindowsLook/CloseButtonHover' (0d996028) of type: BasicImage
01/05/2026 16:12:05 (Std) 	[ImageManager] Created image: 'WindowsLook/CloseButtonPushed' (0d996f28) of type: BasicImage
01/05/2026 16:12:05 (Std) 	[ImageManager] Created image: 'WindowsLook/TitlebarTopLeft' (0d997888) of type: BasicImage
01/05/2026 16:12:05 (Std) 	[ImageManager] Created image: 'WindowsLook/TitlebarTopRight' (0d996898) of type: BasicImage
01/05/2026 16:12:05 (Std) 	[ImageManager] Created image: 'WindowsLook/TitlebarBottomLeft' (0d996a78) of type: BasicImage
01/05/2026 16:12:05 (Std) 	[ImageManager] Created image: 'WindowsLook/TitlebarBottomRight' (0d996b68) of type: BasicImage
01/05/2026 16:12:05 (Std) 	[ImageManager] Created image: 'WindowsLook/TitlebarLeft' (0d996c58) of type: BasicImage
01/05/2026 16:12:05 (Std) 	[ImageManager] Created image: 'WindowsLook/TitlebarRight' (0d996208) of type: BasicImage
01/05/2026 16:12:05 (Std) 	[ImageManager] Created image: 'WindowsLook/TitlebarTop' (0d996d48) of type: BasicImage
01/05/2026 16:12:05 (Std) 	[ImageManager] Created image: 'WindowsLook/TitlebarBottom' (0d997018) of type: BasicImage
01/05/2026 16:12:05 (Std) 	[ImageManager] Created image: 'WindowsLook/TitlebarFill' (0d996e38) of type: BasicImage
01/05/2026 16:12:05 (Std) 	[ImageManager] Created image: 'WindowsLook/CheckboxNormal' (0d9976a8) of type: BasicImage
01/05/2026 16:12:05 (Std) 	[ImageManager] Created image: 'WindowsLook/CheckboxHover' (0d9c58e8) of type: BasicImage
01/05/2026 16:12:05 (Std) 	[ImageManager] Created image: 'WindowsLook/CheckboxMark' (0d9c4bc8) of type: BasicImage
01/05/2026 16:12:05 (Std) 	[ImageManager] Created image: 'WindowsLook/RadioButtonNormal' (0d9c5ca8) of type: BasicImage
01/05/2026 16:12:05 (Std) 	[ImageManager] Created image: 'WindowsLook/RadioButtonHover' (0d9c5078) of type: BasicImage
01/05/2026 16:12:05 (Std) 	[ImageManager] Created image: 'WindowsLook/RadioButtonMark' (0d9c6428) of type: BasicImage
01/05/2026 16:12:05 (Std) 	[ImageManager] Created image: 'WindowsLook/SliderThumbNormal' (0d9c4e98) of type: BasicImage
01/05/2026 16:12:05 (Std) 	[ImageManager] Created image: 'WindowsLook/SliderThumbHover' (0d9c59d8) of type: BasicImage
01/05/2026 16:12:05 (Std) 	[ImageManager] Created image: 'WindowsLook/SliderTrackLeft' (0d9c5ac8) of type: BasicImage
01/05/2026 16:12:05 (Std) 	[ImageManager] Created image: 'WindowsLook/SlidertrackMiddle' (0d9c5d98) of type: BasicImage
01/05/2026 16:12:05 (Std) 	[ImageManager] Created image: 'WindowsLook/SliderTrackRight' (0d9c5348) of type: BasicImage
01/05/2026 16:12:05 (Std) 	[ImageManager] Created image: 'WindowsLook/SliderTick' (0d9c6338) of type: BasicImage
01/05/2026 16:12:05 (Std) 	[ImageManager] Created image: 'WindowsLook/HeaderMainBrush' (0d9c4cb8) of type: BasicImage
01/05/2026 16:12:05 (Std) 	[ImageManager] Created image: 'WindowsLook/HeaderBottomEdge' (0d9c5bb8) of type: BasicImage
01/05/2026 16:12:05 (Std) 	[ImageManager] Created image: 'WindowsLook/HeaderSplitter' (0d9c6158) of type: BasicImage
01/05/2026 16:12:05 (Std) 	[ImageManager] Created image: 'WindowsLook/VertScrollbarGrip' (0d9c5258) of type: BasicImage
01/05/2026 16:12:05 (Std) 	[ImageManager] Created image: 'WindowsLook/HorzScrollbarGrip' (0d9c5438) of type: BasicImage
01/05/2026 16:12:05 (Std) 	[ImageManager] Created image: 'WindowsLook/LargeLeftArrow' (0d9c4da8) of type: BasicImage
01/05/2026 16:12:05 (Std) 	[ImageManager] Created image: 'WindowsLook/LargeRightArrow' (0d9c4f88) of type: BasicImage
01/05/2026 16:12:05 (Std) 	[ImageManager] Created image: 'WindowsLook/LargeUpArrow' (0d9c4ad8) of type: BasicImage
01/05/2026 16:12:05 (Std) 	[ImageManager] Created image: 'WindowsLook/LargeDownArrow' (0d9c5618) of type: BasicImage
01/05/2026 16:12:05 (Std) 	[ImageManager] Created image: 'WindowsLook/SmallLeftArrow' (0d9c4808) of type: BasicImage
01/05/2026 16:12:05 (Std) 	[ImageManager] Created image: 'WindowsLook/SmallRightArrow' (0d9c5528) of type: BasicImage
01/05/2026 16:12:05 (Std) 	[ImageManager] Created image: 'WindowsLook/SmallUpArrow' (0d9c5e88) of type: BasicImage
01/05/2026 16:12:05 (Std) 	[ImageManager] Created image: 'WindowsLook/SmallDownArrow' (0d9c6248) of type: BasicImage
01/05/2026 16:12:05 (Std) 	[ImageManager] Created image: 'WindowsLook/EditBoxCaret' (0d9c6068) of type: BasicImage
01/05/2026 16:12:05 (Std) 	[ImageManager] Created image: 'WindowsLook/MouseArrow' (0d9c5168) of type: BasicImage
01/05/2026 16:12:05 (Std) 	[ImageManager] Created image: 'WindowsLook/MouseMoveCursor' (0d9c4718) of type: BasicImage
01/05/2026 16:12:05 (Std) 	[ImageManager] Created image: 'WindowsLook/MouseNoSoCursor' (0d9c5f78) of type: BasicImage
01/05/2026 16:12:05 (Std) 	[ImageManager] Created image: 'WindowsLook/MouseEsWeCursor' (0d9c48f8) of type: BasicImage
01/05/2026 16:12:05 (Std) 	[ImageManager] Created image: 'WindowsLook/MouseNeSwCursor' (0d9c49e8) of type: BasicImage
01/05/2026 16:12:05 (Std) 	[ImageManager] Created image: 'WindowsLook/MouseNwSeCursor' (0d9c5708) of type: BasicImage
01/05/2026 16:12:05 (Std) 	[ImageManager] Created image: 'WindowsLook/MouseTextBar' (0d9c57f8) of type: BasicImage
01/05/2026 16:12:05 (Std) 	[ImageManager] Created image: 'WindowsLook/TabHorizontalTopFiller' (0d9c6518) of type: BasicImage
01/05/2026 16:12:05 (Std) 	[ImageManager] Created image: 'WindowsLook/TabHorizontalBottomFiller' (0d9c6608) of type: BasicImage
01/05/2026 16:12:05 (Std) 	[ImageManager] Created image: 'WindowsLook/TabContentPaneUpperLeft' (0d9c66f8) of type: BasicImage
01/05/2026 16:12:05 (Std) 	[ImageManager] Created image: 'WindowsLook/TabContentPaneTop' (0d9c67e8) of type: BasicImage
01/05/2026 16:12:05 (Std) 	[ImageManager] Created image: 'WindowsLook/TabContentPaneUpperRight' (0d9c3098) of type: BasicImage
01/05/2026 16:12:05 (Std) 	[ImageManager] Created image: 'WindowsLook/TabContentPaneLeft' (0d9c3278) of type: BasicImage
01/05/2026 16:12:05 (Std) 	[ImageManager] Created image: 'WindowsLook/TabContentPaneMiddle' (0d9c2dc8) of type: BasicImage
01/05/2026 16:12:05 (Std) 	[ImageManager] Created image: 'WindowsLook/TabContentPaneRight' (0d9c3bd8) of type: BasicImage
01/05/2026 16:12:05 (Std) 	[ImageManager] Created image: 'WindowsLook/TabContentPaneLower' (0d9c3f98) of type: BasicImage
01/05/2026 16:12:05 (Std) 	[ImageManager] Created image: 'WindowsLook/TabContentPaneLowerLeft' (0d9c2fa8) of type: BasicImage
01/05/2026 16:12:05 (Std) 	[ImageManager] Created image: 'WindowsLook/TabContentPaneLowerRight' (0d9c2918) of type: BasicImage
01/05/2026 16:12:05 (Std) 	[ImageManager] Created image: 'WindowsLook/TabButtonUpperLeftNormal' (0d9c3818) of type: BasicImage
01/05/2026 16:12:05 (Std) 	[ImageManager] Created image: 'WindowsLook/TabButtonUpperNormal' (0d9c2a08) of type: BasicImage
01/05/2026 16:12:05 (Std) 	[ImageManager] Created image: 'WindowsLook/TabButtonUpperRightNormal' (0d9c3188) of type: BasicImage
01/05/2026 16:12:05 (Std) 	[ImageManager] Created image: 'WindowsLook/TabButtonLeftNormal' (0d9c3728) of type: BasicImage
01/05/2026 16:12:05 (Std) 	[ImageManager] Created image: 'WindowsLook/TabButtonMiddleNormal' (0d9c4088) of type: BasicImage
01/05/2026 16:12:05 (Std) 	[ImageManager] Created image: 'WindowsLook/TabButtonRightNormal' (0d9c4178) of type: BasicImage
01/05/2026 16:12:05 (Std) 	[ImageManager] Created image: 'WindowsLook/TabButtonLowerLeftNormal' (0d9c3cc8) of type: BasicImage
01/05/2026 16:12:05 (Std) 	[ImageManager] Created image: 'WindowsLook/TabButtonLowerNormal' (0d9c3db8) of type: BasicImage
01/05/2026 16:12:05 (Std) 	[ImageManager] Created image: 'WindowsLook/TabButtonLowerRightNormal' (0d9c2eb8) of type: BasicImage
01/05/2026 16:12:05 (Std) 	[ImageManager] Created image: 'WindowsLook/TabButtonUpperLeftSelected' (0d9c4628) of type: BasicImage
01/05/2026 16:12:05 (Std) 	[ImageManager] Created image: 'WindowsLook/TabButtonUpperSelected' (0d9c3638) of type: BasicImage
01/05/2026 16:12:05 (Std) 	[ImageManager] Created image: 'WindowsLook/TabButtonUpperRightSelected' (0d9c3ea8) of type: BasicImage
01/05/2026 16:12:05 (Std) 	[ImageManager] Created image: 'WindowsLook/TabButtonLeftSelected' (0d9c3368) of type: BasicImage
01/05/2026 16:12:05 (Std) 	[ImageManager] Created image: 'WindowsLook/TabButtonMiddleSelected' (0d9c4268) of type: BasicImage
01/05/2026 16:12:05 (Std) 	[ImageManager] Created image: 'WindowsLook/TabButtonRightSelected' (0d9c4358) of type: BasicImage
01/05/2026 16:12:05 (Std) 	[ImageManager] Created image: 'WindowsLook/TabButtonLowerLeftSelected' (0d9c4538) of type: BasicImage
01/05/2026 16:12:05 (Std) 	[ImageManager] Created image: 'WindowsLook/TabButtonLowerSelected' (0d9c4448) of type: BasicImage
01/05/2026 16:12:05 (Std) 	[ImageManager] Created image: 'WindowsLook/TabButtonLowerRightSelected' (0d9c3908) of type: BasicImage
01/05/2026 16:12:05 (Std) 	[ImageManager] Created image: 'WindowsLook/TabButtonScrollLeftNormal' (0d9c2af8) of type: BasicImage
01/05/2026 16:12:05 (Std) 	[ImageManager] Created image: 'WindowsLook/TabButtonScrollRightNormal' (0d9c2be8) of type: BasicImage
01/05/2026 16:12:05 (Std) 	[ImageManager] Created image: 'WindowsLook/TabButtonScrollLeftHover' (0d9c3458) of type: BasicImage
01/05/2026 16:12:05 (Std) 	[ImageManager] Created image: 'WindowsLook/TabButtonScrollRightHover' (0d9c3548) of type: BasicImage
01/05/2026 16:12:05 (Std) 	[ImageManager] Created image: 'WindowsLook/TooltipTopLeft' (0d9c2cd8) of type: BasicImage
01/05/2026 16:12:05 (Std) 	[ImageManager] Created image: 'WindowsLook/TooltipTopRight' (0d9c39f8) of type: BasicImage
01/05/2026 16:12:05 (Std) 	[ImageManager] Created image: 'WindowsLook/TooltipBottomLeft' (0d9c3ae8) of type: BasicImage
01/05/2026 16:12:05 (Std) 	[ImageManager] Created image: 'WindowsLook/TooltipBottomRight' (0d9c1700) of type: BasicImage
01/05/2026 16:12:05 (Std) 	[ImageManager] Created image: 'WindowsLook/TooltipLeftEdge' (0d9c0f80) of type: BasicImage
01/05/2026 16:12:05 (Std) 	[ImageManager] Created image: 'WindowsLook/TooltipRightEdge' (0d9c2420) of type: BasicImage
01/05/2026 16:12:05 (Std) 	[ImageManager] Created image: 'WindowsLook/TooltipTopEdge' (0d9c2150) of type: BasicImage
01/05/2026 16:12:05 (Std) 	[ImageManager] Created image: 'WindowsLook/TooltipBottomEdge' (0d9c17f0) of type: BasicImage
01/05/2026 16:12:05 (Std) 	[ImageManager] Created image: 'WindowsLook/TooltipMiddle' (0d9c0cb0) of type: BasicImage
01/05/2026 16:12:05 (Std) 	[ImageManager] Created image: 'WindowsLook/MenuTopLeft' (0d9c0e90) of type: BasicImage
01/05/2026 16:12:05 (Std) 	[ImageManager] Created image: 'WindowsLook/MenuTopRight' (0d9c2240) of type: BasicImage
01/05/2026 16:12:05 (Std) 	[ImageManager] Created image: 'WindowsLook/MenuBottomLeft' (0d9c1070) of type: BasicImage
01/05/2026 16:12:05 (Std) 	[ImageManager] Created image: 'WindowsLook/MenuBottomRight' (0d9c18e0) of type: BasicImage
01/05/2026 16:12:05 (Std) 	[ImageManager] Created image: 'WindowsLook/MenuLeft' (0d9c19d0) of type: BasicImage
01/05/2026 16:12:05 (Std) 	[ImageManager] Created image: 'WindowsLook/MenuRight' (0d9c1ac0) of type: BasicImage
01/05/2026 16:12:05 (Std) 	[ImageManager] Created image: 'WindowsLook/MenuTop' (0d9c09e0) of type: BasicImage
01/05/2026 16:12:05 (Std) 	[ImageManager] Created image: 'WindowsLook/MenuBottom' (0d9c1bb0) of type: BasicImage
01/05/2026 16:12:05 (Std) 	[ImageManager] Created image: 'WindowsLook/PopupMenuFrameTopLeft' (0d9c1160) of type: BasicImage
01/05/2026 16:12:05 (Std) 	[ImageManager] Created image: 'WindowsLook/PopupMenuFrameTopRight' (0d9c1430) of type: BasicImage
01/05/2026 16:12:05 (Std) 	[ImageManager] Created image: 'WindowsLook/PopupMenuFrameBottomLeft' (0d9c0800) of type: BasicImage
01/05/2026 16:12:05 (Std) 	[ImageManager] Created image: 'WindowsLook/PopupMenuFrameBottomRight' (0d9c1ca0) of type: BasicImage
01/05/2026 16:12:05 (Std) 	[ImageManager] Created image: 'WindowsLook/PopupMenuFrameLeft' (0d9c0710) of type: BasicImage
01/05/2026 16:12:05 (Std) 	[ImageManager] Created image: 'WindowsLook/PopupMenuFrameRight' (0d9c1250) of type: BasicImage
01/05/2026 16:12:05 (Std) 	[ImageManager] Created image: 'WindowsLook/PopupMenuFrameTop' (0d9c0bc0) of type: BasicImage
01/05/2026 16:12:05 (Std) 	[ImageManager] Created image: 'WindowsLook/PopupMenuFrameBottom' (0d9c1520) of type: BasicImage
01/05/2026 16:12:05 (Std) 	[ImageManager] Created image: 'WindowsLook/PopupMenuArrowRight' (0d9c0ad0) of type: BasicImage
01/05/2026 16:12:05 (Std) 	[ImageManager] Created image: 'WindowsLook/PopupMenuArrowLeft' (0d9c1d90) of type: BasicImage
01/05/2026 16:12:05 (Std) 	[ImageManager] Created image: 'WindowsLook/MultiListSelectionBrush' (0d9c1e80) of type: BasicImage
01/05/2026 16:12:05 (Std) 	===== Falagard 'root' element: look and feel parsing begins =====
01/05/2026 16:12:05 (Std) 	===== Look and feel parsing completed =====
01/05/2026 16:12:05 (Std) 	No window renderer factories specified for module 'CEGUICoreWindowRendererSet' - adding all available factories...
01/05/2026 16:12:05 (Std) 	Creating falagard mapping for type 'WindowsLook/Label' using base type 'DefaultWindow', window renderer 'Core/Default' Look'N'Feel 'WindowsLook/Label' and RenderEffect ''. (00ffd0e0)
01/05/2026 16:12:05 (Std) 	Creating falagard mapping for type 'WindowsLook/Button' using base type 'CEGUI/PushButton', window renderer 'Core/Button' Look'N'Feel 'WindowsLook/Button' and RenderEffect ''. (00ffd0e0)
01/05/2026 16:12:05 (Std) 	Creating falagard mapping for type 'WindowsLook/Checkbox' using base type 'CEGUI/ToggleButton', window renderer 'Core/ToggleButton' Look'N'Feel 'WindowsLook/Checkbox' and RenderEffect ''. (00ffd0e0)
01/05/2026 16:12:05 (Std) 	Creating falagard mapping for type 'WindowsLook/IconButton' using base type 'CEGUI/PushButton', window renderer 'Core/Button' Look'N'Feel 'WindowsLook/IconButton' and RenderEffect ''. (00ffd0e0)
01/05/2026 16:12:05 (Std) 	Creating falagard mapping for type 'WindowsLook/RadioButton' using base type 'CEGUI/RadioButton', window renderer 'Core/ToggleButton' Look'N'Feel 'WindowsLook/RadioButton' and RenderEffect ''. (00ffd0e0)
01/05/2026 16:12:05 (Std) 	Creating falagard mapping for type 'WindowsLook/FrameWindow' using base type 'CEGUI/FrameWindow', window renderer 'Core/FrameWindow' Look'N'Feel 'WindowsLook/FrameWindow' and RenderEffect ''. (00ffd0e0)
01/05/2026 16:12:05 (Std) 	Creating falagard mapping for type 'WindowsLook/Titlebar' using base type 'CEGUI/Titlebar', window renderer 'Core/Titlebar' Look'N'Feel 'WindowsLook/Titlebar' and RenderEffect ''. (00ffd0e0)
01/05/2026 16:12:05 (Std) 	Creating falagard mapping for type 'WindowsLook/SystemButton' using base type 'CEGUI/PushButton', window renderer 'Core/Button' Look'N'Feel 'WindowsLook/SystemButton' and RenderEffect ''. (00ffd0e0)
01/05/2026 16:12:05 (Std) 	Creating falagard mapping for type 'WindowsLook/Editbox' using base type 'CEGUI/Editbox', window renderer 'Core/Editbox' Look'N'Feel 'WindowsLook/Editbox' and RenderEffect ''. (00ffd0e0)
01/05/2026 16:12:05 (Std) 	Creating falagard mapping for type 'WindowsLook/MultiLineEditbox' using base type 'CEGUI/MultiLineEditbox', window renderer 'Core/MultiLineEditbox' Look'N'Feel 'WindowsLook/MultiLineEditbox' and RenderEffect ''. (00ffd0e0)
01/05/2026 16:12:05 (Std) 	Creating falagard mapping for type 'WindowsLook/Menubar' using base type 'CEGUI/Menubar', window renderer 'Core/Menubar' Look'N'Feel 'WindowsLook/Menubar' and RenderEffect ''. (00ffd0e0)
01/05/2026 16:12:05 (Std) 	Creating falagard mapping for type 'WindowsLook/PopupMenu' using base type 'CEGUI/PopupMenu', window renderer 'Core/PopupMenu' Look'N'Feel 'WindowsLook/PopupMenu' and RenderEffect ''. (00ffd0e0)
01/05/2026 16:12:05 (Std) 	Creating falagard mapping for type 'WindowsLook/MenuItem' using base type 'CEGUI/MenuItem', window renderer 'Core/MenuItem' Look'N'Feel 'WindowsLook/MenuItem' and RenderEffect ''. (00ffd0e0)
01/05/2026 16:12:05 (Std) 	Creating falagard mapping for type 'WindowsLook/ProgressBar' using base type 'CEGUI/ProgressBar', window renderer 'Core/ProgressBar' Look'N'Feel 'WindowsLook/ProgressBar' and RenderEffect ''. (00ffd0e0)
01/05/2026 16:12:05 (Std) 	Creating falagard mapping for type 'WindowsLook/VerticalScrollbar' using base type 'CEGUI/Scrollbar', window renderer 'Core/Scrollbar' Look'N'Feel 'WindowsLook/VerticalScrollbar' and RenderEffect ''. (00ffd0e0)
01/05/2026 16:12:05 (Std) 	Creating falagard mapping for type 'WindowsLook/HorizontalScrollbar' using base type 'CEGUI/Scrollbar', window renderer 'Core/Scrollbar' Look'N'Feel 'WindowsLook/HorizontalScrollbar' and RenderEffect ''. (00ffd0e0)
01/05/2026 16:12:05 (Std) 	Creating falagard mapping for type 'WindowsLook/VerticalScrollbarThumb' using base type 'CEGUI/Thumb', window renderer 'Core/Button' Look'N'Feel 'WindowsLook/VerticalScrollbarThumb' and RenderEffect ''. (00ffd0e0)
01/05/2026 16:12:05 (Std) 	Creating falagard mapping for type 'WindowsLook/HorizontalScrollbarThumb' using base type 'CEGUI/Thumb', window renderer 'Core/Button' Look'N'Feel 'WindowsLook/HorizontalScrollbarThumb' and RenderEffect ''. (00ffd0e0)
01/05/2026 16:12:05 (Std) 	Creating falagard mapping for type 'WindowsLook/TabButton' using base type 'CEGUI/TabButton', window renderer 'Core/TabButton' Look'N'Feel 'WindowsLook/TabButton' and RenderEffect ''. (00ffd0e0)
01/05/2026 16:12:05 (Std) 	Creating falagard mapping for type 'WindowsLook/TabControl' using base type 'CEGUI/TabControl', window renderer 'Core/TabControl' Look'N'Feel 'WindowsLook/TabControl' and RenderEffect ''. (00ffd0e0)
01/05/2026 16:12:05 (Std) 	Creating falagard mapping for type 'WindowsLook/TabContentPane' using base type 'DefaultWindow', window renderer 'Core/Default' Look'N'Feel 'WindowsLook/TabContentPane' and RenderEffect ''. (00ffd0e0)
01/05/2026 16:12:05 (Std) 	Creating falagard mapping for type 'WindowsLook/TabButtonPane' using base type 'DefaultWindow', window renderer 'Core/Default' Look'N'Feel 'WindowsLook/TabButtonPane' and RenderEffect ''. (00ffd0e0)
01/05/2026 16:12:05 (Std) 	Creating falagard mapping for type 'WindowsLook/ComboDropList' using base type 'CEGUI/ComboDropList', window renderer 'Core/Listbox' Look'N'Feel 'WindowsLook/ComboDropList' and RenderEffect ''. (00ffd0e0)
01/05/2026 16:12:05 (Std) 	Creating falagard mapping for type 'WindowsLook/Combobox' using base type 'CEGUI/Combobox', window renderer 'Core/Default' Look'N'Feel 'WindowsLook/Combobox' and RenderEffect ''. (00ffd0e0)
01/05/2026 16:12:05 (Std) 	Creating falagard mapping for type 'WindowsLook/Listbox' using base type 'CEGUI/Listbox', window renderer 'Core/Listbox' Look'N'Feel 'WindowsLook/Listbox' and RenderEffect ''. (00ffd0e0)
01/05/2026 16:12:05 (Std) 	Creating falagard mapping for type 'WindowsLook/ListHeader' using base type 'CEGUI/ListHeader', window renderer 'Core/ListHeader' Look'N'Feel 'WindowsLook/ListHeader' and RenderEffect ''. (00ffd0e0)
01/05/2026 16:12:05 (Std) 	Creating falagard mapping for type 'WindowsLook/ListHeaderSegment' using base type 'CEGUI/ListHeaderSegment', window renderer 'Core/ListHeaderSegment' Look'N'Feel 'WindowsLook/ListHeaderSegment' and RenderEffect ''. (00ffd0e0)
01/05/2026 16:12:05 (Std) 	Creating falagard mapping for type 'WindowsLook/MultiColumnList' using base type 'CEGUI/MultiColumnList', window renderer 'Core/MultiColumnList' Look'N'Feel 'WindowsLook/MultiColumnList' and RenderEffect ''. (00ffd0e0)
01/05/2026 16:12:05 (Std) 	Creating falagard mapping for type 'WindowsLook/Slider' using base type 'CEGUI/Slider', window renderer 'Core/Slider' Look'N'Feel 'WindowsLook/Slider' and RenderEffect ''. (00ffd0e0)
01/05/2026 16:12:05 (Std) 	Creating falagard mapping for type 'WindowsLook/SliderThumb' using base type 'CEGUI/Thumb', window renderer 'Core/Button' Look'N'Feel 'WindowsLook/SliderThumb' and RenderEffect ''. (00ffd0e0)
01/05/2026 16:12:05 (Std) 	Creating falagard mapping for type 'WindowsLook/ScrollablePane' using base type 'CEGUI/ScrollablePane', window renderer 'Core/ScrollablePane' Look'N'Feel 'WindowsLook/ScrollablePane' and RenderEffect ''. (00ffd0e0)
01/05/2026 16:12:05 (Std) 	Creating falagard mapping for type 'WindowsLook/Spinner' using base type 'CEGUI/Spinner', window renderer 'Core/Default' Look'N'Feel 'WindowsLook/Spinner' and RenderEffect ''. (00ffd0e0)
01/05/2026 16:12:05 (Std) 	Creating falagard mapping for type 'WindowsLook/Tooltip' using base type 'CEGUI/Tooltip', window renderer 'Core/Tooltip' Look'N'Feel 'WindowsLook/Tooltip' and RenderEffect ''. (00ffd0e0)
01/05/2026 16:12:05 (Std) 	Creating falagard mapping for type 'WindowsLook/Static' using base type 'DefaultWindow', window renderer 'Core/Static' Look'N'Feel 'WindowsLook/Static' and RenderEffect ''. (00ffd0e0)
01/05/2026 16:12:05 (Std) 	Creating falagard mapping for type 'WindowsLook/StaticImage' using base type 'DefaultWindow', window renderer 'Core/StaticImage' Look'N'Feel 'WindowsLook/StaticImage' and RenderEffect ''. (00ffd0e0)
01/05/2026 16:12:05 (Std) 	Creating falagard mapping for type 'WindowsLook/StaticText' using base type 'DefaultWindow', window renderer 'Core/StaticText' Look'N'Feel 'WindowsLook/StaticText' and RenderEffect ''. (00ffd0e0)
01/05/2026 16:12:05 (Std) 	Creating falagard mapping for type 'WindowsLook/ItemListbox' using base type 'CEGUI/ItemListbox', window renderer 'Core/ItemListbox' Look'N'Feel 'WindowsLook/ItemListbox' and RenderEffect ''. (00ffd0e0)
01/05/2026 16:12:05 (Std) 	Creating falagard mapping for type 'WindowsLook/ListboxItem' using base type 'CEGUI/ItemEntry', window renderer 'Core/ItemEntry' Look'N'Feel 'WindowsLook/ListboxItem' and RenderEffect ''. (00ffd0e0)
01/05/2026 16:12:05 (Std) 	Started creation of Scheme from XML specification:
01/05/2026 16:12:05 (Std) 	---- CEGUI GUIScheme name: AlfiskoSkin
01/05/2026 16:12:05 (Std) 	[ImageManager] Started creation of Imageset from XML specification:
01/05/2026 16:12:05 (Std) 	[ImageManager] ---- CEGUI Imageset name: AlfiskoSkin
01/05/2026 16:12:05 (Std) 	[ImageManager] ---- Source texture file: AlfiskoSkin.png
01/05/2026 16:12:05 (Std) 	[ImageManager] ---- Source texture resource group: (Default)
01/05/2026 16:12:05 (Std) 	[OpenGLRenderer] Created texture: AlfiskoSkin
01/05/2026 16:12:05 (Std) 	[ImageManager] Created image: 'AlfiskoSkin/WindowB' (0d9c1610) of type: BasicImage
01/05/2026 16:12:05 (Std) 	[ImageManager] Created image: 'AlfiskoSkin/WindowL' (0d9c0da0) of type: BasicImage
01/05/2026 16:12:05 (Std) 	[ImageManager] Created image: 'AlfiskoSkin/WindowR' (0d9c1f70) of type: BasicImage
01/05/2026 16:12:05 (Std) 	[ImageManager] Created image: 'AlfiskoSkin/WindowT' (0d9c1340) of type: BasicImage
01/05/2026 16:12:05 (Std) 	[ImageManager] Created image: 'AlfiskoSkin/EditboxB' (0d9c08f0) of type: BasicImage
01/05/2026 16:12:05 (Std) 	[ImageManager] Created image: 'AlfiskoSkin/EditboxL' (0d9c2060) of type: BasicImage
01/05/2026 16:12:05 (Std) 	[ImageManager] Created image: 'AlfiskoSkin/EditboxR' (0d9c2330) of type: BasicImage
01/05/2026 16:12:05 (Std) 	[ImageManager] Created image: 'AlfiskoSkin/EditboxT' (0d9c2510) of type: BasicImage
01/05/2026 16:12:05 (Std) 	[ImageManager] Created image: 'AlfiskoSkin/WindowBL' (0d9c2600) of type: BasicImage
01/05/2026 16:12:05 (Std) 	[ImageManager] Created image: 'AlfiskoSkin/WindowBR' (0d9c26f0) of type: BasicImage
01/05/2026 16:12:05 (Std) 	[ImageManager] Created image: 'AlfiskoSkin/WindowTL' (0d9c27e0) of type: BasicImage
01/05/2026 16:12:05 (Std) 	[ImageManager] Created image: 'AlfiskoSkin/WindowTR' (0d9becd0) of type: BasicImage
01/05/2026 16:12:05 (Std) 	[ImageManager] Created image: 'AlfiskoSkin/EditboxBL' (0d9be910) of type: BasicImage
01/05/2026 16:12:05 (Std) 	[ImageManager] Created image: 'AlfiskoSkin/EditboxBR' (0d9bf900) of type: BasicImage
01/05/2026 16:12:05 (Std) 	[ImageManager] Created image: 'AlfiskoSkin/EditboxTL' (0d9c0530) of type: BasicImage
01/05/2026 16:12:05 (Std) 	[ImageManager] Created image: 'AlfiskoSkin/EditboxTR' (0d9bf540) of type: BasicImage
01/05/2026 16:12:05 (Std) 	[ImageManager] Created image: 'AlfiskoSkin/MouseMove' (0d9c0260) of type: BasicImage
01/05/2026 16:12:05 (Std) 	[ImageManager] Created image: 'AlfiskoSkin/MouseNeSw' (0d9bf450) of type: BasicImage
01/05/2026 16:12:05 (Std) 	[ImageManager] Created image: 'AlfiskoSkin/NewImage1' (0d9bf9f0) of type: BasicImage
01/05/2026 16:12:05 (Std) 	[ImageManager] Created image: 'AlfiskoSkin/MouseArrow' (0d9c0620) of type: BasicImage
01/05/2026 16:12:05 (Std) 	[ImageManager] Created image: 'AlfiskoSkin/WindowFill' (0d9bfae0) of type: BasicImage
01/05/2026 16:12:05 (Std) 	[ImageManager] Created image: 'AlfiskoSkin/EditboxFill' (0d9beeb0) of type: BasicImage
01/05/2026 16:12:05 (Std) 	[ImageManager] Created image: 'AlfiskoSkin/WindowClipB' (0d9bf630) of type: BasicImage
01/05/2026 16:12:05 (Std) 	[ImageManager] Created image: 'AlfiskoSkin/WindowClipL' (0d9bea00) of type: BasicImage
01/05/2026 16:12:05 (Std) 	[ImageManager] Created image: 'AlfiskoSkin/WindowClipR' (0d9c0080) of type: BasicImage
01/05/2026 16:12:05 (Std) 	[ImageManager] Created image: 'AlfiskoSkin/WindowClipT' (0d9bfea0) of type: BasicImage
01/05/2026 16:12:05 (Std) 	[ImageManager] Created image: 'AlfiskoSkin/ButtonHoverB' (0d9bfbd0) of type: BasicImage
01/05/2026 16:12:05 (Std) 	[ImageManager] Created image: 'AlfiskoSkin/ButtonHoverL' (0d9befa0) of type: BasicImage
01/05/2026 16:12:05 (Std) 	[ImageManager] Created image: 'AlfiskoSkin/ButtonHoverR' (0d9bf090) of type: BasicImage
01/05/2026 16:12:05 (Std) 	[ImageManager] Created image: 'AlfiskoSkin/ButtonHoverT' (0d9bf270) of type: BasicImage
01/05/2026 16:12:05 (Std) 	[ImageManager] Created image: 'AlfiskoSkin/GenericBrush' (0d9bf720) of type: BasicImage
01/05/2026 16:12:05 (Std) 	[ImageManager] Created image: 'AlfiskoSkin/MouseTextBar' (0d9bedc0) of type: BasicImage
01/05/2026 16:12:05 (Std) 	[ImageManager] Created image: 'AlfiskoSkin/ButtonHoverBL' (0d9beaf0) of type: BasicImage
01/05/2026 16:12:05 (Std) 	[ImageManager] Created image: 'AlfiskoSkin/ButtonHoverBR' (0d9bfcc0) of type: BasicImage
01/05/2026 16:12:05 (Std) 	[ImageManager] Created image: 'AlfiskoSkin/ButtonHoverTL' (0d9bf180) of type: BasicImage
01/05/2026 16:12:05 (Std) 	[ImageManager] Created image: 'AlfiskoSkin/ButtonHoverTR' (0d9bf360) of type: BasicImage
01/05/2026 16:12:05 (Std) 	[ImageManager] Created image: 'AlfiskoSkin/ButtonNormalB' (0d9bfdb0) of type: BasicImage
01/05/2026 16:12:05 (Std) 	[ImageManager] Created image: 'AlfiskoSkin/ButtonNormalL' (0d9bf810) of type: BasicImage
01/05/2026 16:12:05 (Std) 	[ImageManager] Created image: 'AlfiskoSkin/ButtonNormalR' (0d9bff90) of type: BasicImage
01/05/2026 16:12:05 (Std) 	[ImageManager] Created image: 'AlfiskoSkin/ButtonNormalT' (0d9c0170) of type: BasicImage
01/05/2026 16:12:05 (Std) 	[ImageManager] Created image: 'AlfiskoSkin/ButtonPushedB' (0d9c0350) of type: BasicImage
01/05/2026 16:12:05 (Std) 	[ImageManager] Created image: 'AlfiskoSkin/ButtonPushedL' (0d9bebe0) of type: BasicImage
01/05/2026 16:12:05 (Std) 	[ImageManager] Created image: 'AlfiskoSkin/ButtonPushedR' (0d9c0440) of type: BasicImage
01/05/2026 16:12:05 (Std) 	[ImageManager] Created image: 'AlfiskoSkin/ButtonPushedT' (14607c90) of type: BasicImage
01/05/2026 16:12:05 (Std) 	[ImageManager] Created image: 'AlfiskoSkin/CheckboxHover' (14608b90) of type: BasicImage
01/05/2026 16:12:05 (Std) 	[ImageManager] Created image: 'AlfiskoSkin/ProgressFullB' (14608230) of type: BasicImage
01/05/2026 16:12:05 (Std) 	[ImageManager] Created image: 'AlfiskoSkin/ProgressFullL' (14608320) of type: BasicImage
01/05/2026 16:12:05 (Std) 	[ImageManager] Created image: 'AlfiskoSkin/ProgressFullR' (14607d80) of type: BasicImage
01/05/2026 16:12:05 (Std) 	[ImageManager] Created image: 'AlfiskoSkin/ProgressFullT' (146089b0) of type: BasicImage
01/05/2026 16:12:05 (Std) 	[ImageManager] Created image: 'AlfiskoSkin/ScrollUpHover' (14609400) of type: BasicImage
01/05/2026 16:12:05 (Std) 	[ImageManager] Created image: 'AlfiskoSkin/ButtonNormalBL' (14608aa0) of type: BasicImage
01/05/2026 16:12:05 (Std) 	[ImageManager] Created image: 'AlfiskoSkin/ButtonNormalBR' (14607e70) of type: BasicImage
01/05/2026 16:12:05 (Std) 	[ImageManager] Created image: 'AlfiskoSkin/ButtonNormalTL' (146098b0) of type: BasicImage
01/05/2026 16:12:05 (Std) 	[ImageManager] Created image: 'AlfiskoSkin/ButtonNormalTR' (146099a0) of type: BasicImage
01/05/2026 16:12:05 (Std) 	[ImageManager] Created image: 'AlfiskoSkin/ButtonPushedBL' (146095e0) of type: BasicImage
01/05/2026 16:12:05 (Std) 	[ImageManager] Created image: 'AlfiskoSkin/ButtonPushedBR' (14608140) of type: BasicImage
01/05/2026 16:12:05 (Std) 	[ImageManager] Created image: 'AlfiskoSkin/ButtonPushedTL' (14608410) of type: BasicImage
01/05/2026 16:12:05 (Std) 	[ImageManager] Created image: 'AlfiskoSkin/ButtonPushedTR' (146088c0) of type: BasicImage
01/05/2026 16:12:05 (Std) 	[ImageManager] Created image: 'AlfiskoSkin/CheckboxNormal' (14608f50) of type: BasicImage
01/05/2026 16:12:05 (Std) 	[ImageManager] Created image: 'AlfiskoSkin/HorzScrollbarB' (14607f60) of type: BasicImage
01/05/2026 16:12:05 (Std) 	[ImageManager] Created image: 'AlfiskoSkin/HorzScrollbarT' (146086e0) of type: BasicImage
01/05/2026 16:12:05 (Std) 	[ImageManager] Created image: 'AlfiskoSkin/ProgressEmptyB' (14608c80) of type: BasicImage
01/05/2026 16:12:05 (Std) 	[ImageManager] Created image: 'AlfiskoSkin/ProgressEmptyL' (14608d70) of type: BasicImage
01/05/2026 16:12:05 (Std) 	[ImageManager] Created image: 'AlfiskoSkin/ProgressEmptyR' (146085f0) of type: BasicImage
01/05/2026 16:12:05 (Std) 	[ImageManager] Created image: 'AlfiskoSkin/ProgressEmptyT' (14608050) of type: BasicImage
01/05/2026 16:12:05 (Std) 	[ImageManager] Created image: 'AlfiskoSkin/ProgressFullBL' (14608e60) of type: BasicImage
01/05/2026 16:12:05 (Std) 	[ImageManager] Created image: 'AlfiskoSkin/ProgressFullBR' (14608500) of type: BasicImage
01/05/2026 16:12:05 (Std) 	[ImageManager] Created image: 'AlfiskoSkin/ProgressFullTL' (14609040) of type: BasicImage
01/05/2026 16:12:05 (Std) 	[ImageManager] Created image: 'AlfiskoSkin/ProgressFullTR' (14609310) of type: BasicImage
01/05/2026 16:12:05 (Std) 	[ImageManager] Created image: 'AlfiskoSkin/ProgressShadow' (146087d0) of type: BasicImage
01/05/2026 16:12:05 (Std) 	[ImageManager] Created image: 'AlfiskoSkin/ScrollUpNormal' (14609130) of type: BasicImage
01/05/2026 16:12:05 (Std) 	[ImageManager] Created image: 'AlfiskoSkin/ScrollUpPushed' (14609220) of type: BasicImage
01/05/2026 16:12:05 (Std) 	[ImageManager] Created image: 'AlfiskoSkin/TitlebarDummy1' (146094f0) of type: BasicImage
01/05/2026 16:12:05 (Std) 	[ImageManager] Created image: 'AlfiskoSkin/VertScrollbarL' (146096d0) of type: BasicImage
01/05/2026 16:12:05 (Std) 	[ImageManager] Created image: 'AlfiskoSkin/VertScrollbarR' (146097c0) of type: BasicImage
01/05/2026 16:12:05 (Std) 	[ImageManager] Created image: 'AlfiskoSkin/CheckboxChecked' (14609a90) of type: BasicImage
01/05/2026 16:12:05 (Std) 	[ImageManager] Created image: 'AlfiskoSkin/HorzThumbHoverB' (0d9e3038) of type: BasicImage
01/05/2026 16:12:05 (Std) 	[ImageManager] Created image: 'AlfiskoSkin/HorzThumbHoverT' (0d9e2f48) of type: BasicImage
01/05/2026 16:12:05 (Std) 	[ImageManager] Created image: 'AlfiskoSkin/ProgressEmptyBL' (0d9e3128) of type: BasicImage
01/05/2026 16:12:05 (Std) 	[ImageManager] Created image: 'AlfiskoSkin/ProgressEmptyBR' (0d9e2e58) of type: BasicImage
01/05/2026 16:12:05 (Std) 	[ImageManager] Created image: 'AlfiskoSkin/ProgressEmptyTL' (0d9df8e8) of type: BasicImage
01/05/2026 16:12:05 (Std) 	[ImageManager] Created image: 'AlfiskoSkin/ProgressEmptyTR' (0d9df9d8) of type: BasicImage
01/05/2026 16:12:05 (Std) 	[ImageManager] Created image: 'AlfiskoSkin/ScrollDownHover' (0d9e07e8) of type: BasicImage
01/05/2026 16:12:05 (Std) 	[ImageManager] Created image: 'AlfiskoSkin/ScrollLeftHover' (0d9df348) of type: BasicImage
01/05/2026 16:12:05 (Std) 	[ImageManager] Created image: 'AlfiskoSkin/TitlebarActiveB' (0d9dfbb8) of type: BasicImage
01/05/2026 16:12:05 (Std) 	[ImageManager] Created image: 'AlfiskoSkin/TitlebarActiveL' (0d9df438) of type: BasicImage
01/05/2026 16:12:05 (Std) 	[ImageManager] Created image: 'AlfiskoSkin/TitlebarActiveR' (0d9df7f8) of type: BasicImage
01/05/2026 16:12:05 (Std) 	[ImageManager] Created image: 'AlfiskoSkin/TitlebarActiveT' (0d9df258) of type: BasicImage
01/05/2026 16:12:05 (Std) 	[ImageManager] Created image: 'AlfiskoSkin/VertThumbHoverL' (0d9e08d8) of type: BasicImage
01/05/2026 16:12:05 (Std) 	[ImageManager] Created image: 'AlfiskoSkin/VertThumbHoverR' (0d9e0338) of type: BasicImage
01/05/2026 16:12:05 (Std) 	[ImageManager] Created image: 'AlfiskoSkin/ButtonHoverFill1' (0d9e0518) of type: BasicImage
01/05/2026 16:12:05 (Std) 	[ImageManager] Created image: 'AlfiskoSkin/ButtonHoverFill2' (0d9e06f8) of type: BasicImage
01/05/2026 16:12:05 (Std) 	[ImageManager] Created image: 'AlfiskoSkin/HorzSliderTrackL' (0d9e0e78) of type: BasicImage
01/05/2026 16:12:05 (Std) 	[ImageManager] Created image: 'AlfiskoSkin/HorzSliderTrackR' (0d9e0ba8) of type: BasicImage
01/05/2026 16:12:05 (Std) 	[ImageManager] Created image: 'AlfiskoSkin/HorzThumbHoverBL' (0d9e0f68) of type: BasicImage
01/05/2026 16:12:05 (Std) 	[ImageManager] Created image: 'AlfiskoSkin/HorzThumbHoverBR' (0d9dfca8) of type: BasicImage
01/05/2026 16:12:05 (Std) 	[ImageManager] Created image: 'AlfiskoSkin/HorzThumbHoverTL' (0d9df528) of type: BasicImage
01/05/2026 16:12:05 (Std) 	[ImageManager] Created image: 'AlfiskoSkin/HorzThumbHoverTR' (0d9dfac8) of type: BasicImage
01/05/2026 16:12:05 (Std) 	[ImageManager] Created image: 'AlfiskoSkin/HorzThumbNormalB' (0d9df618) of type: BasicImage
01/05/2026 16:12:05 (Std) 	[ImageManager] Created image: 'AlfiskoSkin/HorzThumbNormalT' (0d9e0608) of type: BasicImage
01/05/2026 16:12:05 (Std) 	[ImageManager] Created image: 'AlfiskoSkin/HorzThumbPushedB' (0d9df708) of type: BasicImage
01/05/2026 16:12:05 (Std) 	[ImageManager] Created image: 'AlfiskoSkin/HorzThumbPushedT' (0d9dfd98) of type: BasicImage
01/05/2026 16:12:05 (Std) 	[ImageManager] Created image: 'AlfiskoSkin/HorzThumbShadowL' (0d9e0ab8) of type: BasicImage
01/05/2026 16:12:05 (Std) 	[ImageManager] Created image: 'AlfiskoSkin/HorzThumbShadowR' (0d9e0068) of type: BasicImage
01/05/2026 16:12:05 (Std) 	[ImageManager] Created image: 'AlfiskoSkin/ProgressFullFill' (0d9dfe88) of type: BasicImage
01/05/2026 16:12:05 (Std) 	[ImageManager] Created image: 'AlfiskoSkin/RadioButtonHover' (0d9dff78) of type: BasicImage
01/05/2026 16:12:05 (Std) 	[ImageManager] Created image: 'AlfiskoSkin/ScrollDownNormal' (0d9e0158) of type: BasicImage
01/05/2026 16:12:05 (Std) 	[ImageManager] Created image: 'AlfiskoSkin/ScrollDownPushed' (0d9e0248) of type: BasicImage
01/05/2026 16:12:05 (Std) 	[ImageManager] Created image: 'AlfiskoSkin/ScrollLeftNormal' (0d9e09c8) of type: BasicImage
01/05/2026 16:12:05 (Std) 	[ImageManager] Created image: 'AlfiskoSkin/ScrollLeftPushed' (0d9e0428) of type: BasicImage
01/05/2026 16:12:05 (Std) 	[ImageManager] Created image: 'AlfiskoSkin/ScrollRightHover' (0d9e0c98) of type: BasicImage
01/05/2026 16:12:05 (Std) 	[ImageManager] Created image: 'AlfiskoSkin/TitlebarActiveBL' (0d9e0d88) of type: BasicImage
01/05/2026 16:12:05 (Std) 	[ImageManager] Created image: 'AlfiskoSkin/TitlebarActiveBR' (0d9e1148) of type: BasicImage
01/05/2026 16:12:05 (Std) 	[ImageManager] Created image: 'AlfiskoSkin/TitlebarActiveTL' (0d9e19b8) of type: BasicImage
01/05/2026 16:12:05 (Std) 	[ImageManager] Created image: 'AlfiskoSkin/TitlebarActiveTR' (0d9e1238) of type: BasicImage
01/05/2026 16:12:05 (Std) 	[ImageManager] Created image: 'AlfiskoSkin/VertSliderTrackB' (0d9e15f8) of type: BasicImage
01/05/2026 16:12:05 (Std) 	[ImageManager] Created image: 'AlfiskoSkin/VertSliderTrackT' (0d9e1058) of type: BasicImage
01/05/2026 16:12:05 (Std) 	[ImageManager] Created image: 'AlfiskoSkin/VertThumbHoverBL' (0d9e1aa8) of type: BasicImage
01/05/2026 16:12:05 (Std) 	[ImageManager] Created image: 'AlfiskoSkin/VertThumbHoverBR' (0d9e1e68) of type: BasicImage
01/05/2026 16:12:05 (Std) 	[ImageManager] Created image: 'AlfiskoSkin/VertThumbHoverTL' (0d9e1328) of type: BasicImage
01/05/2026 16:12:05 (Std) 	[ImageManager] Created image: 'AlfiskoSkin/VertThumbHoverTR' (0d9e1d78) of type: BasicImage
01/05/2026 16:12:05 (Std) 	[ImageManager] Created image: 'AlfiskoSkin/VertThumbNormalL' (0d9e1b98) of type: BasicImage
01/05/2026 16:12:05 (Std) 	[ImageManager] Created image: 'AlfiskoSkin/VertThumbNormalR' (0d9e16e8) of type: BasicImage
01/05/2026 16:12:05 (Std) 	[ImageManager] Created image: 'AlfiskoSkin/VertThumbPushedL' (0d9e2c78) of type: BasicImage
01/05/2026 16:12:05 (Std) 	[ImageManager] Created image: 'AlfiskoSkin/VertThumbPushedR' (0d9e2d68) of type: BasicImage
01/05/2026 16:12:05 (Std) 	[ImageManager] Created image: 'AlfiskoSkin/VertThumbShadowB' (0d9e26d8) of type: BasicImage
01/05/2026 16:12:05 (Std) 	[ImageManager] Created image: 'AlfiskoSkin/VertThumbShadowT' (0d9e2138) of type: BasicImage
01/05/2026 16:12:05 (Std) 	[ImageManager] Created image: 'AlfiskoSkin/ButtonNormalFill1' (0d9e2b88) of type: BasicImage
01/05/2026 16:12:05 (Std) 	[ImageManager] Created image: 'AlfiskoSkin/ButtonNormalFill2' (0d9e1c88) of type: BasicImage
01/05/2026 16:12:05 (Std) 	[ImageManager] Created image: 'AlfiskoSkin/ButtonPushedFill1' (0d9e1f58) of type: BasicImage
01/05/2026 16:12:05 (Std) 	[ImageManager] Created image: 'AlfiskoSkin/ButtonPushedFill2' (0d9e1418) of type: BasicImage
01/05/2026 16:12:05 (Std) 	[ImageManager] Created image: 'AlfiskoSkin/CloseButtonNormal' (0d9e25e8) of type: BasicImage
01/05/2026 16:12:05 (Std) 	[ImageManager] Created image: 'AlfiskoSkin/CloseButtonPushed' (0d9e2048) of type: BasicImage
01/05/2026 16:12:05 (Std) 	[ImageManager] Created image: 'AlfiskoSkin/HorzSliderShadowL' (0d9e27c8) of type: BasicImage
01/05/2026 16:12:05 (Std) 	[ImageManager] Created image: 'AlfiskoSkin/HorzSliderShadowR' (0d9e1508) of type: BasicImage
01/05/2026 16:12:05 (Std) 	[ImageManager] Created image: 'AlfiskoSkin/HorzThumbNormalBL' (0d9e2228) of type: BasicImage
01/05/2026 16:12:05 (Std) 	[ImageManager] Created image: 'AlfiskoSkin/HorzThumbNormalBR' (0d9e2318) of type: BasicImage
01/05/2026 16:12:05 (Std) 	[ImageManager] Created image: 'AlfiskoSkin/HorzThumbNormalTL' (0d9e2408) of type: BasicImage
01/05/2026 16:12:05 (Std) 	[ImageManager] Created image: 'AlfiskoSkin/HorzThumbNormalTR' (0d9e29a8) of type: BasicImage
01/05/2026 16:12:05 (Std) 	[ImageManager] Created image: 'AlfiskoSkin/HorzThumbPushedBL' (0d9e17d8) of type: BasicImage
01/05/2026 16:12:05 (Std) 	[ImageManager] Created image: 'AlfiskoSkin/HorzThumbPushedBR' (0d9e18c8) of type: BasicImage
01/05/2026 16:12:05 (Std) 	[ImageManager] Created image: 'AlfiskoSkin/HorzThumbPushedTL' (0d9e24f8) of type: BasicImage
01/05/2026 16:12:05 (Std) 	[ImageManager] Created image: 'AlfiskoSkin/HorzThumbPushedTR' (0d9e28b8) of type: BasicImage
01/05/2026 16:12:05 (Std) 	[ImageManager] Created image: 'AlfiskoSkin/ProgressEmptyFill' (0d9e2a98) of type: BasicImage
01/05/2026 16:12:05 (Std) 	[ImageManager] Created image: 'AlfiskoSkin/RadioButtonNormal' (14680a10) of type: BasicImage
01/05/2026 16:12:05 (Std) 	[ImageManager] Created image: 'AlfiskoSkin/ScrollRightNormal' (1467fde0) of type: BasicImage
01/05/2026 16:12:05 (Std) 	[ImageManager] Created image: 'AlfiskoSkin/ScrollRightPushed' (14680830) of type: BasicImage
01/05/2026 16:12:05 (Std) 	[ImageManager] Created image: 'AlfiskoSkin/TitlebarInactiveB' (14680920) of type: BasicImage
01/05/2026 16:12:05 (Std) 	[ImageManager] Created image: 'AlfiskoSkin/TitlebarInactiveL' (1467f570) of type: BasicImage
01/05/2026 16:12:05 (Std) 	[ImageManager] Created image: 'AlfiskoSkin/TitlebarInactiveR' (146800b0) of type: BasicImage
01/05/2026 16:12:05 (Std) 	[ImageManager] Created image: 'AlfiskoSkin/TitlebarInactiveT' (1467ffc0) of type: BasicImage
01/05/2026 16:12:05 (Std) 	[ImageManager] Created image: 'AlfiskoSkin/VertSliderShadowB' (14680b00) of type: BasicImage
01/05/2026 16:12:05 (Std) 	[ImageManager] Created image: 'AlfiskoSkin/VertSliderShadowT' (1467fc00) of type: BasicImage
01/05/2026 16:12:05 (Std) 	[ImageManager] Created image: 'AlfiskoSkin/VertThumbNormalBL' (14680bf0) of type: BasicImage
01/05/2026 16:12:05 (Std) 	[ImageManager] Created image: 'AlfiskoSkin/VertThumbNormalBR' (1467fa20) of type: BasicImage
01/05/2026 16:12:05 (Std) 	[ImageManager] Created image: 'AlfiskoSkin/VertThumbNormalTL' (1467f480) of type: BasicImage
01/05/2026 16:12:05 (Std) 	[ImageManager] Created image: 'AlfiskoSkin/VertThumbNormalTR' (146801a0) of type: BasicImage
01/05/2026 16:12:05 (Std) 	[ImageManager] Created image: 'AlfiskoSkin/VertThumbPushedBL' (1467eee0) of type: BasicImage
01/05/2026 16:12:05 (Std) 	[ImageManager] Created image: 'AlfiskoSkin/VertThumbPushedBR' (14680560) of type: BasicImage
01/05/2026 16:12:05 (Std) 	[ImageManager] Created image: 'AlfiskoSkin/VertThumbPushedTL' (14680290) of type: BasicImage
01/05/2026 16:12:05 (Std) 	[ImageManager] Created image: 'AlfiskoSkin/VertThumbPushedTR' (14680380) of type: BasicImage
01/05/2026 16:12:05 (Std) 	[ImageManager] Created image: 'AlfiskoSkin/HorzScrollbarFill1' (1467f0c0) of type: BasicImage
01/05/2026 16:12:05 (Std) 	[ImageManager] Created image: 'AlfiskoSkin/HorzScrollbarFill2' (14680470) of type: BasicImage
01/05/2026 16:12:05 (Std) 	[ImageManager] Created image: 'AlfiskoSkin/RadioButtonChecked' (1467efd0) of type: BasicImage
01/05/2026 16:12:05 (Std) 	[ImageManager] Created image: 'AlfiskoSkin/TitlebarInactiveBL' (1467fed0) of type: BasicImage
01/05/2026 16:12:05 (Std) 	[ImageManager] Created image: 'AlfiskoSkin/TitlebarInactiveBR' (1467f1b0) of type: BasicImage
01/05/2026 16:12:05 (Std) 	[ImageManager] Created image: 'AlfiskoSkin/TitlebarInactiveTL' (14680650) of type: BasicImage
01/05/2026 16:12:05 (Std) 	[ImageManager] Created image: 'AlfiskoSkin/TitlebarInactiveTR' (1467f2a0) of type: BasicImage
01/05/2026 16:12:05 (Std) 	[ImageManager] Created image: 'AlfiskoSkin/VertScrollbarFill1' (1467f390) of type: BasicImage
01/05/2026 16:12:05 (Std) 	[ImageManager] Created image: 'AlfiskoSkin/VertScrollbarFill2' (1467f660) of type: BasicImage
01/05/2026 16:12:05 (Std) 	[ImageManager] Created image: 'AlfiskoSkin/HorzSliderTrackFill' (1467f750) of type: BasicImage
01/05/2026 16:12:05 (Std) 	[ImageManager] Created image: 'AlfiskoSkin/TitlebarActiveFill1' (14680740) of type: BasicImage
01/05/2026 16:12:05 (Std) 	[ImageManager] Created image: 'AlfiskoSkin/TitlebarActiveFill2' (1467f840) of type: BasicImage
01/05/2026 16:12:05 (Std) 	[ImageManager] Created image: 'AlfiskoSkin/VertSliderTrackFill' (1467f930) of type: BasicImage
01/05/2026 16:12:05 (Std) 	[ImageManager] Created image: 'AlfiskoSkin/HorzSliderThumbHover' (1467fb10) of type: BasicImage
01/05/2026 16:12:05 (Std) 	[ImageManager] Created image: 'AlfiskoSkin/VertSliderThumbHover' (1467fcf0) of type: BasicImage
01/05/2026 16:12:05 (Std) 	[ImageManager] Created image: 'AlfiskoSkin/HorzSliderThumbNormal' (14681640) of type: BasicImage
01/05/2026 16:12:05 (Std) 	[ImageManager] Created image: 'AlfiskoSkin/HorzSliderThumbPushed' (14680ce0) of type: BasicImage
01/05/2026 16:12:05 (Std) 	[ImageManager] Created image: 'AlfiskoSkin/TitlebarInactiveFill1' (14682900) of type: BasicImage
01/05/2026 16:12:05 (Std) 	[ImageManager] Created image: 'AlfiskoSkin/TitlebarInactiveFill2' (14681370) of type: BasicImage
01/05/2026 16:12:05 (Std) 	[ImageManager] Created image: 'AlfiskoSkin/VertSliderThumbNormal' (14680ec0) of type: BasicImage
01/05/2026 16:12:05 (Std) 	[ImageManager] Created image: 'AlfiskoSkin/VertSliderThumbPushed' (14681820) of type: BasicImage
01/05/2026 16:12:05 (Std) 	---- Returning existing instance of Font named 'DejaVuSans-12'.
01/05/2026 16:12:05 (Std) 	===== Falagard 'root' element: look and feel parsing begins =====
01/05/2026 16:12:05 (Std) 	===== Look and feel parsing completed =====
01/05/2026 16:12:05 (Std) 	No window renderer factories specified for module 'CEGUICoreWindowRendererSet' - adding all available factories...
01/05/2026 16:12:05 (Std) 	Creating falagard mapping for type 'AlfiskoSkin/Label' using base type 'DefaultWindow', window renderer 'Core/Default' Look'N'Feel 'AlfiskoSkin/Label' and RenderEffect ''. (00ffd0e0)
01/05/2026 16:12:05 (Std) 	Creating falagard mapping for type 'AlfiskoSkin/Button' using base type 'CEGUI/PushButton', window renderer 'Core/Button' Look'N'Feel 'AlfiskoSkin/Button' and RenderEffect ''. (00ffd0e0)
01/05/2026 16:12:05 (Std) 	Creating falagard mapping for type 'AlfiskoSkin/ImageButton' using base type 'CEGUI/PushButton', window renderer 'Core/Button' Look'N'Feel 'AlfiskoSkin/ImageButton' and RenderEffect ''. (00ffd0e0)
01/05/2026 16:12:05 (Std) 	Creating falagard mapping for type 'AlfiskoSkin/RadioButton' using base type 'CEGUI/RadioButton', window renderer 'Core/ToggleButton' Look'N'Feel 'AlfiskoSkin/RadioButton' and RenderEffect ''. (00ffd0e0)
01/05/2026 16:12:05 (Std) 	Creating falagard mapping for type 'AlfiskoSkin/Checkbox' using base type 'CEGUI/ToggleButton', window renderer 'Core/ToggleButton' Look'N'Feel 'AlfiskoSkin/Checkbox' and RenderEffect ''. (00ffd0e0)
01/05/2026 16:12:05 (Std) 	Creating falagard mapping for type 'AlfiskoSkin/Titlebar' using base type 'CEGUI/Titlebar', window renderer 'Core/Titlebar' Look'N'Feel 'AlfiskoSkin/Titlebar' and RenderEffect ''. (00ffd0e0)
01/05/2026 16:12:05 (Std) 	Creating falagard mapping for type 'AlfiskoSkin/FrameWindow' using base type 'CEGUI/FrameWindow', window renderer 'Core/FrameWindow' Look'N'Feel 'AlfiskoSkin/FrameWindow' and RenderEffect ''. (00ffd0e0)
01/05/2026 16:12:05 (Std) 	Creating falagard mapping for type 'AlfiskoSkin/Editbox' using base type 'CEGUI/Editbox', window renderer 'Core/Editbox' Look'N'Feel 'AlfiskoSkin/Editbox' and RenderEffect ''. (00ffd0e0)
01/05/2026 16:12:05 (Std) 	Creating falagard mapping for type 'AlfiskoSkin/VerticalScrollbarThumb' using base type 'CEGUI/Thumb', window renderer 'Core/Button' Look'N'Feel 'AlfiskoSkin/VerticalScrollbarThumb' and RenderEffect ''. (00ffd0e0)
01/05/2026 16:12:05 (Std) 	Creating falagard mapping for type 'AlfiskoSkin/VerticalScrollbar' using base type 'CEGUI/Scrollbar', window renderer 'Core/Scrollbar' Look'N'Feel 'AlfiskoSkin/VerticalScrollbar' and RenderEffect ''. (00ffd0e0)
01/05/2026 16:12:05 (Std) 	Creating falagard mapping for type 'AlfiskoSkin/HorizontalScrollbarThumb' using base type 'CEGUI/Thumb', window renderer 'Core/Button' Look'N'Feel 'AlfiskoSkin/HorizontalScrollbarThumb' and RenderEffect ''. (00ffd0e0)
01/05/2026 16:12:05 (Std) 	Creating falagard mapping for type 'AlfiskoSkin/HorizontalScrollbar' using base type 'CEGUI/Scrollbar', window renderer 'Core/Scrollbar' Look'N'Feel 'AlfiskoSkin/HorizontalScrollbar' and RenderEffect ''. (00ffd0e0)
01/05/2026 16:12:05 (Std) 	Creating falagard mapping for type 'AlfiskoSkin/MultiLineEditbox' using base type 'CEGUI/MultiLineEditbox', window renderer 'Core/MultiLineEditbox' Look'N'Feel 'AlfiskoSkin/MultiLineEditbox' and RenderEffect ''. (00ffd0e0)
01/05/2026 16:12:05 (Std) 	Creating falagard mapping for type 'AlfiskoSkin/ProgressBar' using base type 'CEGUI/ProgressBar', window renderer 'Core/ProgressBar' Look'N'Feel 'AlfiskoSkin/ProgressBar' and RenderEffect ''. (00ffd0e0)
01/05/2026 16:12:05 (Std) 	Creating falagard mapping for type 'AlfiskoSkin/HorizontalSliderThumb' using base type 'CEGUI/Thumb', window renderer 'Core/Button' Look'N'Feel 'AlfiskoSkin/HorizontalSliderThumb' and RenderEffect ''. (00ffd0e0)
01/05/2026 16:12:05 (Std) 	Creating falagard mapping for type 'AlfiskoSkin/HorizontalSlider' using base type 'CEGUI/Slider', window renderer 'Core/Slider' Look'N'Feel 'AlfiskoSkin/HorizontalSlider' and RenderEffect ''. (00ffd0e0)
01/05/2026 16:12:05 (Std) 	Creating falagard mapping for type 'AlfiskoSkin/VerticalSliderThumb' using base type 'CEGUI/Thumb', window renderer 'Core/Button' Look'N'Feel 'AlfiskoSkin/VerticalSliderThumb' and RenderEffect ''. (00ffd0e0)
01/05/2026 16:12:05 (Std) 	Creating falagard mapping for type 'AlfiskoSkin/VerticalSlider' using base type 'CEGUI/Slider', window renderer 'Core/Slider' Look'N'Feel 'AlfiskoSkin/VerticalSlider' and RenderEffect ''. (00ffd0e0)
01/05/2026 16:12:05 (Std) 	Creating falagard mapping for type 'AlfiskoSkin/MenuItem' using base type 'CEGUI/MenuItem', window renderer 'Core/MenuItem' Look'N'Feel 'AlfiskoSkin/MenuItem' and RenderEffect ''. (00ffd0e0)
01/05/2026 16:12:05 (Std) 	[OpenGLRenderer] Created texture: DejaVuSans-8_auto_glyph_images_32
01/05/2026 16:12:05 (Std) 	[OpenGLRenderer] Created texture: _ogl_tt_tex_0
01/05/2026 16:12:10 (Std) 	[OpenGLRenderer] Created texture: DejaVuSans-8_auto_glyph_images_9472
